ID,fldOrderNum,fldQuoteNum,fldFloorsFinishedYes,fldFloorsFinishedNo,fldWallProtectionYes,fldWallProtectionNo,fldObstructionsYes,fldObstructionNo,fldListObstructions,fldMasioniteYes,fldMasioniteNo,fldMasioniteSheets,fldMasioniteLocate,fldFreightElevYes,fldFreightElevNo,fldFreightElevFeet,fldFreightElevInch,fldPassangerElevYes,fldPassangerElevNo,fldPassangerElevFeet,fldPassangerElevInch,fldElevPaddingYes,fldElevPaddingNo,fldElevPaddingNum,fldElevLockedOffYes,fldElevLockedOffNo,fldElevKeysYes,fldElevKeysNo,fld1stFloorYes,fld1stFloorNo
508,000111,000111,FALSE,TRUE,FALSE,TRUE,TRUE,FALSE,,FALSE,TRUE,,,FALSE,TRUE,,,FALSE,TRUE,,,TRUE,FALSE,,FALSE,TRUE,FALSE,TRUE,FALSE,TRUE
555,1,1,FALSE,TRUE,FALSE,TRUE,TRUE,FALSE,,FALSE,TRUE,,,FALSE,TRUE,,,FALSE,TRUE,,,TRUE,FALSE,,FALSE,TRUE,FALSE,TRUE,FALSE,TRUE
121,54572,111111,TRUE,FALSE,FALSE,TRUE,FALSE,TRUE,,FALSE,TRUE,,,TRUE,FALSE,,,TRUE,FALSE,,,TRUE,FALSE,,FALSE,TRUE,FALSE,TRUE,FALSE,TRUE
100,53347,1111111,TRUE,FALSE,TRUE,FALSE,TRUE,FALSE,,TRUE,FALSE,,,TRUE,FALSE,,,TRUE,FALSE,,,TRUE,FALSE,,FALSE,TRUE,FALSE,TRUE,TRUE,FALSE
429,123321,123321,FALSE,TRUE,FALSE,TRUE,TRUE,FALSE,,FALSE,TRUE,,,TRUE,FALSE,,,TRUE,FALSE,,,TRUE,FALSE,,FALSE,TRUE,FALSE,TRUE,TRUE,FALSE
479,82719,12345,FALSE,TRUE,FALSE,TRUE,FALSE,TRUE,,FALSE,TRUE,,,FALSE,TRUE,,,FALSE,TRUE,,,TRUE,FALSE,,FALSE,TRUE,FALSE,TRUE,TRUE,FALSE
574,2629722,2629722-080422,TRUE,FALSE,FALSE,TRUE,TRUE,FALSE,,FALSE,TRUE,,,FALSE,TRUE,,,TRUE,FALSE,,,TRUE,FALSE,,FALSE,TRUE,FALSE,TRUE,FALSE,TRUE
579,VA_Mat-Su_PUNCH,2632171,TRUE,FALSE,FALSE,TRUE,FALSE,TRUE,,FALSE,TRUE,,,FALSE,TRUE,,,FALSE,TRUE,,,TRUE,FALSE,,FALSE,TRUE,FALSE,TRUE,TRUE,FALSE
195,58990,2nd floor,FALSE,TRUE,FALSE,TRUE,TRUE,FALSE,,FALSE,TRUE,,,TRUE,FALSE,,,TRUE,FALSE,,,TRUE,FALSE,,FALSE,TRUE,FALSE,TRUE,FALSE,TRUE
196,58990,2nd floor 58990,FALSE,TRUE,FALSE,TRUE,FALSE,TRUE,,FALSE,TRUE,,,TRUE,FALSE,,,TRUE,FALSE,,,TRUE,FALSE,,FALSE,TRUE,FALSE,TRUE,FALSE,TRUE
197,,2nd floor final,FALSE,TRUE,FALSE,TRUE,FALSE,TRUE,,FALSE,TRUE,,,TRUE,FALSE,,,TRUE,FALSE,,,TRUE,FALSE,,FALSE,TRUE,FALSE,TRUE,FALSE,TRUE
198,58990,2nd floor prelim final,FALSE,TRUE,FALSE,TRUE,FALSE,TRUE,,FALSE,TRUE,,,TRUE,FALSE,,,TRUE,FALSE,,,TRUE,FALSE,,FALSE,TRUE,FALSE,TRUE,FALSE,TRUE
192,38477,38481,TRUE,FALSE,FALSE,TRUE,TRUE,FALSE,,FALSE,TRUE,,,FALSE,TRUE,,,FALSE,TRUE,,,TRUE,FALSE,,FALSE,TRUE,FALSE,TRUE,FALSE,TRUE
184,35366,39170,TRUE,FALSE,FALSE,TRUE,TRUE,FALSE,,FALSE,TRUE,,,FALSE,TRUE,,,FALSE,TRUE,,,TRUE,FALSE,,FALSE,TRUE,FALSE,TRUE,TRUE,FALSE
103,53623,43624,TRUE,FALSE,FALSE,TRUE,TRUE,FALSE,,FALSE,TRUE,,,TRUE,FALSE,,,TRUE,FALSE,,,TRUE,FALSE,,FALSE,TRUE,FALSE,TRUE,TRUE,FALSE
556,121212,44,FALSE,TRUE,FALSE,TRUE,FALSE,TRUE,,FALSE,TRUE,,,TRUE,FALSE,,,TRUE,FALSE,,,TRUE,FALSE,,FALSE,TRUE,FALSE,TRUE,FALSE,TRUE
447,55555,444444,FALSE,TRUE,FALSE,TRUE,FALSE,TRUE,,FALSE,TRUE,,,TRUE,FALSE,,,TRUE,FALSE,,,TRUE,FALSE,,FALSE,TRUE,FALSE,TRUE,FALSE,TRUE
407,FBI,454545,TRUE,FALSE,FALSE,TRUE,TRUE,FALSE,,TRUE,FALSE,,,TRUE,FALSE,,,TRUE,FALSE,,,TRUE,FALSE,,FALSE,TRUE,FALSE,TRUE,FALSE,TRUE
557,563465223,46t`p178t,TRUE,FALSE,FALSE,TRUE,TRUE,FALSE,,TRUE,FALSE,,,TRUE,FALSE,,,TRUE,FALSE,,,TRUE,FALSE,,FALSE,TRUE,FALSE,TRUE,TRUE,FALSE
60,46472,47421,FALSE,TRUE,FALSE,TRUE,TRUE,FALSE,,TRUE,FALSE,,,TRUE,FALSE,,,TRUE,FALSE,,,TRUE,FALSE,,FALSE,TRUE,FALSE,TRUE,FALSE,TRUE
3,47497,47518,TRUE,FALSE,FALSE,TRUE,TRUE,FALSE,Ramp in front door,FALSE,TRUE,,,FALSE,TRUE,,,FALSE,TRUE,,,TRUE,FALSE,,FALSE,TRUE,FALSE,TRUE,TRUE,FALSE
4,47497,47518  final,TRUE,FALSE,FALSE,TRUE,TRUE,FALSE,Ramp in front door,FALSE,TRUE,,,FALSE,TRUE,,,FALSE,TRUE,,,TRUE,FALSE,,FALSE,TRUE,FALSE,TRUE,TRUE,FALSE
5,47387,47534,TRUE,FALSE,FALSE,TRUE,TRUE,FALSE,,TRUE,FALSE,,,TRUE,FALSE,20,20,TRUE,FALSE,,,TRUE,FALSE,,FALSE,TRUE,FALSE,TRUE,FALSE,TRUE
6,47387,47534 afterhours,TRUE,FALSE,FALSE,TRUE,TRUE,FALSE,,TRUE,FALSE,,,TRUE,FALSE,20,20,TRUE,FALSE,,,TRUE,FALSE,,FALSE,TRUE,FALSE,TRUE,FALSE,TRUE
7,47676,47736,TRUE,FALSE,FALSE,TRUE,FALSE,TRUE,,FALSE,TRUE,,,TRUE,FALSE,,,TRUE,FALSE,,,TRUE,FALSE,,TRUE,FALSE,FALSE,TRUE,TRUE,FALSE
8,47523,47814,TRUE,FALSE,FALSE,TRUE,FALSE,TRUE,,FALSE,TRUE,,,FALSE,TRUE,,,FALSE,TRUE,,,TRUE,FALSE,,FALSE,TRUE,FALSE,TRUE,TRUE,FALSE
9,47496,47822,TRUE,FALSE,FALSE,TRUE,TRUE,FALSE,,FALSE,TRUE,,,FALSE,TRUE,,,FALSE,TRUE,,,TRUE,FALSE,,FALSE,TRUE,FALSE,TRUE,TRUE,FALSE
28,47496,47822-Rev1-Opt Mgr office,TRUE,FALSE,FALSE,TRUE,TRUE,FALSE,,FALSE,TRUE,,,FALSE,TRUE,,,FALSE,TRUE,,,TRUE,FALSE,,FALSE,TRUE,FALSE,TRUE,TRUE,FALSE
26,47496,47822-Rev1-Opt1,TRUE,FALSE,FALSE,TRUE,TRUE,FALSE,,FALSE,TRUE,,,FALSE,TRUE,,,FALSE,TRUE,,,TRUE,FALSE,,FALSE,TRUE,FALSE,TRUE,TRUE,FALSE
27,47496,47822-Rev1-Opt2,TRUE,FALSE,FALSE,TRUE,TRUE,FALSE,,FALSE,TRUE,,,FALSE,TRUE,,,FALSE,TRUE,,,TRUE,FALSE,,FALSE,TRUE,FALSE,TRUE,TRUE,FALSE
29,47496,47822-Rev1-SPVR,TRUE,FALSE,FALSE,TRUE,TRUE,FALSE,,FALSE,TRUE,,,FALSE,TRUE,,,FALSE,TRUE,,,TRUE,FALSE,,FALSE,TRUE,FALSE,TRUE,TRUE,FALSE
30,47496,47822-Rev1-SPVR T,TRUE,FALSE,FALSE,TRUE,TRUE,FALSE,,FALSE,TRUE,,,FALSE,TRUE,,,FALSE,TRUE,,,TRUE,FALSE,,FALSE,TRUE,FALSE,TRUE,TRUE,FALSE
10,48124,48173,TRUE,FALSE,FALSE,TRUE,FALSE,TRUE,,FALSE,TRUE,,,TRUE,FALSE,,,FALSE,TRUE,,,TRUE,FALSE,,FALSE,TRUE,FALSE,TRUE,TRUE,FALSE
11,48252,48255,TRUE,FALSE,FALSE,TRUE,FALSE,TRUE,,FALSE,TRUE,,,FALSE,TRUE,,,TRUE,FALSE,,,TRUE,FALSE,,FALSE,TRUE,FALSE,TRUE,FALSE,TRUE
12,48158,48356,TRUE,FALSE,TRUE,FALSE,TRUE,FALSE,,FALSE,TRUE,,,TRUE,FALSE,,,FALSE,TRUE,,,TRUE,FALSE,,FALSE,TRUE,FALSE,TRUE,FALSE,TRUE
13,48156,48417,TRUE,FALSE,FALSE,TRUE,FALSE,TRUE,,FALSE,TRUE,,,FALSE,TRUE,,,FALSE,TRUE,,,TRUE,FALSE,,FALSE,TRUE,FALSE,TRUE,FALSE,TRUE
14,48492,48522,TRUE,FALSE,FALSE,TRUE,TRUE,FALSE,Steps at entry,FALSE,TRUE,,,FALSE,TRUE,,,FALSE,TRUE,,,TRUE,FALSE,,FALSE,TRUE,FALSE,TRUE,TRUE,FALSE
17,48559,48561,TRUE,FALSE,FALSE,TRUE,FALSE,TRUE,,FALSE,TRUE,,,FALSE,TRUE,,,FALSE,TRUE,,,TRUE,FALSE,,FALSE,TRUE,FALSE,TRUE,TRUE,FALSE
18,48710,48601,TRUE,FALSE,FALSE,TRUE,TRUE,FALSE,Stairs 1st Floor to 2nd,FALSE,TRUE,,,FALSE,TRUE,,,FALSE,TRUE,,,TRUE,FALSE,,FALSE,TRUE,FALSE,TRUE,FALSE,TRUE
19,48618,48622,TRUE,FALSE,FALSE,TRUE,FALSE,TRUE,,FALSE,TRUE,,,FALSE,TRUE,,,TRUE,FALSE,,,TRUE,FALSE,,FALSE,TRUE,FALSE,TRUE,FALSE,TRUE
20,48554,48638,TRUE,FALSE,FALSE,TRUE,TRUE,FALSE,Steps up to 1st floor,FALSE,TRUE,,,FALSE,TRUE,,,FALSE,TRUE,,,TRUE,FALSE,,FALSE,TRUE,FALSE,TRUE,TRUE,FALSE
21,48620,48706,TRUE,FALSE,FALSE,TRUE,FALSE,TRUE,,FALSE,TRUE,,,TRUE,FALSE,,,TRUE,FALSE,,,TRUE,FALSE,,FALSE,TRUE,FALSE,TRUE,TRUE,FALSE
22,48620,48706 Rev1,TRUE,FALSE,FALSE,TRUE,FALSE,TRUE,,FALSE,TRUE,,,TRUE,FALSE,,,TRUE,FALSE,,,TRUE,FALSE,,FALSE,TRUE,FALSE,TRUE,TRUE,FALSE
23,48786,48936,TRUE,FALSE,FALSE,TRUE,TRUE,FALSE,1 flight to the Mezanie,FALSE,TRUE,,,FALSE,TRUE,,,FALSE,TRUE,,,TRUE,FALSE,,FALSE,TRUE,FALSE,TRUE,TRUE,FALSE
38,48786,48936 Rev1 49442,TRUE,FALSE,FALSE,TRUE,FALSE,TRUE,,FALSE,TRUE,,,FALSE,TRUE,,,FALSE,TRUE,,,TRUE,FALSE,,FALSE,TRUE,FALSE,TRUE,TRUE,FALSE
24,48870,48947,TRUE,FALSE,FALSE,TRUE,FALSE,TRUE,,FALSE,TRUE,,,TRUE,FALSE,,,FALSE,TRUE,,,TRUE,FALSE,,FALSE,TRUE,FALSE,TRUE,FALSE,TRUE
25,48952,48953,TRUE,FALSE,FALSE,TRUE,FALSE,TRUE,,FALSE,TRUE,,,TRUE,FALSE,,,FALSE,TRUE,,,TRUE,FALSE,,FALSE,TRUE,FALSE,TRUE,FALSE,TRUE
39,48786,48963 Rev2 49442,TRUE,FALSE,FALSE,TRUE,FALSE,TRUE,,FALSE,TRUE,,,FALSE,TRUE,,,FALSE,TRUE,,,TRUE,FALSE,,FALSE,TRUE,FALSE,TRUE,TRUE,FALSE
31,49058,49303,TRUE,FALSE,FALSE,TRUE,TRUE,FALSE,,FALSE,TRUE,,,FALSE,TRUE,,,FALSE,TRUE,,,TRUE,FALSE,,FALSE,TRUE,FALSE,TRUE,TRUE,FALSE
32,40430,49321,TRUE,FALSE,FALSE,TRUE,TRUE,FALSE,,FALSE,TRUE,,,FALSE,TRUE,,,FALSE,TRUE,,,TRUE,FALSE,,FALSE,TRUE,FALSE,TRUE,TRUE,FALSE
33,48620,49326,TRUE,FALSE,FALSE,TRUE,TRUE,FALSE,,FALSE,TRUE,,,FALSE,TRUE,,,FALSE,TRUE,,,TRUE,FALSE,,FALSE,TRUE,FALSE,TRUE,TRUE,FALSE
34,48620,49328,TRUE,FALSE,FALSE,TRUE,TRUE,FALSE,,FALSE,TRUE,,,FALSE,TRUE,,,FALSE,TRUE,,,TRUE,FALSE,,FALSE,TRUE,FALSE,TRUE,TRUE,FALSE
35,49273,49393,TRUE,FALSE,FALSE,TRUE,TRUE,FALSE,,FALSE,TRUE,,,FALSE,TRUE,,,TRUE,FALSE,,,TRUE,FALSE,,FALSE,TRUE,FALSE,TRUE,FALSE,TRUE
36,40430,49402,TRUE,FALSE,FALSE,TRUE,TRUE,FALSE,,FALSE,TRUE,,,FALSE,TRUE,,,TRUE,FALSE,,,TRUE,FALSE,,FALSE,TRUE,FALSE,TRUE,TRUE,FALSE
37,49387,49439,TRUE,FALSE,FALSE,TRUE,TRUE,FALSE,,FALSE,TRUE,,,FALSE,TRUE,,,FALSE,TRUE,,,TRUE,FALSE,,FALSE,TRUE,FALSE,TRUE,FALSE,TRUE
40,49877,50017,TRUE,FALSE,FALSE,TRUE,TRUE,FALSE,,FALSE,TRUE,,,TRUE,FALSE,,,TRUE,FALSE,,,TRUE,FALSE,,FALSE,TRUE,FALSE,TRUE,FALSE,TRUE
41,49878,50019,TRUE,FALSE,FALSE,TRUE,TRUE,FALSE,,FALSE,TRUE,,,FALSE,TRUE,,,FALSE,TRUE,,,TRUE,FALSE,,FALSE,TRUE,FALSE,TRUE,FALSE,TRUE
42,49880,50040,TRUE,FALSE,FALSE,TRUE,TRUE,FALSE,,FALSE,TRUE,,,FALSE,TRUE,,,FALSE,TRUE,,,TRUE,FALSE,,FALSE,TRUE,FALSE,TRUE,FALSE,TRUE
43,,50042,TRUE,FALSE,FALSE,TRUE,TRUE,FALSE,,FALSE,TRUE,,,FALSE,TRUE,,,FALSE,TRUE,,,TRUE,FALSE,,FALSE,TRUE,FALSE,TRUE,FALSE,TRUE
44,49055,50112,TRUE,FALSE,FALSE,TRUE,FALSE,TRUE,,FALSE,TRUE,,,TRUE,FALSE,,,TRUE,FALSE,,,TRUE,FALSE,,FALSE,TRUE,FALSE,TRUE,FALSE,TRUE
45,50094,50118,TRUE,FALSE,FALSE,TRUE,TRUE,FALSE,,FALSE,TRUE,,,TRUE,FALSE,,,TRUE,FALSE,,,TRUE,FALSE,,FALSE,TRUE,FALSE,TRUE,FALSE,TRUE
46,50095,50329,TRUE,FALSE,FALSE,TRUE,TRUE,FALSE,,TRUE,FALSE,,,FALSE,TRUE,,,FALSE,TRUE,,,TRUE,FALSE,,FALSE,TRUE,FALSE,TRUE,TRUE,FALSE
63,50095,50329 Rev 2,TRUE,FALSE,FALSE,TRUE,TRUE,FALSE,,FALSE,TRUE,,,TRUE,FALSE,,,TRUE,FALSE,,,TRUE,FALSE,,FALSE,TRUE,FALSE,TRUE,FALSE,TRUE
47,50095,50329 Rev1 by me,TRUE,FALSE,FALSE,TRUE,FALSE,TRUE,,FALSE,TRUE,,,TRUE,FALSE,,,TRUE,FALSE,,,TRUE,FALSE,,FALSE,TRUE,FALSE,TRUE,FALSE,TRUE
72,51265,50398,FALSE,TRUE,TRUE,FALSE,TRUE,FALSE,,TRUE,FALSE,,,FALSE,TRUE,,,FALSE,TRUE,,,TRUE,FALSE,,FALSE,TRUE,FALSE,TRUE,FALSE,TRUE
48,48621,50417,TRUE,FALSE,FALSE,TRUE,TRUE,FALSE,,FALSE,TRUE,,,TRUE,FALSE,,,TRUE,FALSE,,,TRUE,FALSE,,TRUE,FALSE,FALSE,TRUE,TRUE,FALSE
49,48621,50417 file,TRUE,FALSE,FALSE,TRUE,TRUE,FALSE,,FALSE,TRUE,,,TRUE,FALSE,,,TRUE,FALSE,,,TRUE,FALSE,,TRUE,FALSE,FALSE,TRUE,FALSE,TRUE
50,50407,50442,TRUE,FALSE,FALSE,TRUE,TRUE,FALSE,,FALSE,TRUE,,,TRUE,FALSE,,,TRUE,FALSE,,,TRUE,FALSE,,FALSE,TRUE,FALSE,TRUE,FALSE,TRUE
51,50426,50523,TRUE,FALSE,FALSE,TRUE,TRUE,FALSE,,TRUE,FALSE,,,TRUE,FALSE,,,TRUE,FALSE,,,TRUE,FALSE,,FALSE,TRUE,FALSE,TRUE,TRUE,FALSE
52,50510,50633,TRUE,FALSE,FALSE,TRUE,TRUE,FALSE,,FALSE,TRUE,,,TRUE,FALSE,,,TRUE,FALSE,,,TRUE,FALSE,,FALSE,TRUE,FALSE,TRUE,FALSE,TRUE
53,50564,50638,TRUE,FALSE,FALSE,TRUE,TRUE,FALSE,,FALSE,TRUE,,,TRUE,FALSE,,,TRUE,FALSE,,,TRUE,FALSE,,FALSE,TRUE,FALSE,TRUE,FALSE,TRUE
54,50622,50642,TRUE,FALSE,TRUE,FALSE,TRUE,FALSE,,TRUE,FALSE,,,TRUE,FALSE,,,TRUE,FALSE,,,TRUE,FALSE,,FALSE,TRUE,FALSE,TRUE,FALSE,TRUE
55,50337,50758,TRUE,FALSE,FALSE,TRUE,FALSE,TRUE,,FALSE,TRUE,,,TRUE,FALSE,,,TRUE,FALSE,,,TRUE,FALSE,,FALSE,TRUE,FALSE,TRUE,FALSE,TRUE
56,50337,50784,TRUE,FALSE,FALSE,TRUE,TRUE,FALSE,,FALSE,TRUE,,,TRUE,FALSE,,,TRUE,FALSE,,,TRUE,FALSE,,FALSE,TRUE,FALSE,TRUE,FALSE,TRUE
57,50699,50788,TRUE,FALSE,FALSE,TRUE,TRUE,FALSE,,FALSE,TRUE,,,TRUE,FALSE,,,TRUE,FALSE,,,TRUE,FALSE,,FALSE,TRUE,FALSE,TRUE,FALSE,TRUE
58,50779,50798,TRUE,FALSE,FALSE,TRUE,TRUE,FALSE,,FALSE,TRUE,,,TRUE,FALSE,,,TRUE,FALSE,,,TRUE,FALSE,,FALSE,TRUE,FALSE,TRUE,FALSE,TRUE
68,50829,50829,TRUE,FALSE,FALSE,TRUE,TRUE,FALSE,,FALSE,TRUE,,,TRUE,FALSE,,,TRUE,FALSE,,,TRUE,FALSE,,FALSE,TRUE,FALSE,TRUE,FALSE,TRUE
59,50867,50913,TRUE,FALSE,FALSE,TRUE,TRUE,FALSE,,FALSE,TRUE,,,TRUE,FALSE,,,TRUE,FALSE,,,TRUE,FALSE,,FALSE,TRUE,FALSE,TRUE,FALSE,TRUE
61,50777,51062,TRUE,FALSE,FALSE,TRUE,FALSE,TRUE,,FALSE,TRUE,,,TRUE,FALSE,,,TRUE,FALSE,,,TRUE,FALSE,,FALSE,TRUE,FALSE,TRUE,FALSE,TRUE
64,50777,51062RevD1,TRUE,FALSE,FALSE,TRUE,FALSE,TRUE,,FALSE,TRUE,,,TRUE,FALSE,,,TRUE,FALSE,,,TRUE,FALSE,,FALSE,TRUE,FALSE,TRUE,FALSE,TRUE
65,50777,51062RevD2,TRUE,FALSE,FALSE,TRUE,FALSE,TRUE,,FALSE,TRUE,,,TRUE,FALSE,,,TRUE,FALSE,,,TRUE,FALSE,,FALSE,TRUE,FALSE,TRUE,FALSE,TRUE
66,50777,51062RevR1,TRUE,FALSE,FALSE,TRUE,FALSE,TRUE,,FALSE,TRUE,,,TRUE,FALSE,,,TRUE,FALSE,,,TRUE,FALSE,,FALSE,TRUE,FALSE,TRUE,FALSE,TRUE
67,50777,51062RevWs1,TRUE,FALSE,FALSE,TRUE,FALSE,TRUE,,FALSE,TRUE,,,TRUE,FALSE,,,TRUE,FALSE,,,TRUE,FALSE,,FALSE,TRUE,FALSE,TRUE,FALSE,TRUE
62,51043,51074,TRUE,FALSE,FALSE,TRUE,TRUE,FALSE,,FALSE,TRUE,,,TRUE,FALSE,,,TRUE,FALSE,,,TRUE,FALSE,,FALSE,TRUE,FALSE,TRUE,FALSE,TRUE
69,51203,51258,TRUE,FALSE,FALSE,TRUE,FALSE,TRUE,,FALSE,TRUE,,,TRUE,FALSE,,,TRUE,FALSE,,,TRUE,FALSE,,FALSE,TRUE,FALSE,TRUE,FALSE,TRUE
70,51203,51283A,TRUE,FALSE,FALSE,TRUE,TRUE,FALSE,,FALSE,TRUE,,,TRUE,FALSE,,,TRUE,FALSE,,,TRUE,FALSE,,FALSE,TRUE,FALSE,TRUE,FALSE,TRUE
71,51013,51283b,TRUE,FALSE,FALSE,TRUE,TRUE,FALSE,,FALSE,TRUE,,,TRUE,FALSE,,,TRUE,FALSE,,,TRUE,FALSE,,FALSE,TRUE,FALSE,TRUE,FALSE,TRUE
73,51532,51549,TRUE,FALSE,FALSE,TRUE,FALSE,TRUE,,FALSE,TRUE,,,FALSE,TRUE,,,FALSE,TRUE,,,TRUE,FALSE,,FALSE,TRUE,FALSE,TRUE,FALSE,TRUE
74,51077,51556,TRUE,FALSE,FALSE,TRUE,FALSE,TRUE,,FALSE,TRUE,,,FALSE,TRUE,,,FALSE,TRUE,,,TRUE,FALSE,,FALSE,TRUE,FALSE,TRUE,FALSE,TRUE
76,51615,51884,TRUE,FALSE,FALSE,TRUE,TRUE,FALSE,,FALSE,TRUE,,,TRUE,FALSE,,,TRUE,FALSE,,,FALSE,TRUE,,FALSE,TRUE,FALSE,TRUE,TRUE,FALSE
173,51918,51918,TRUE,FALSE,FALSE,TRUE,FALSE,TRUE,,FALSE,TRUE,,,FALSE,TRUE,,,FALSE,TRUE,,,TRUE,FALSE,,FALSE,TRUE,FALSE,TRUE,FALSE,TRUE
75,51918,51990,TRUE,FALSE,TRUE,FALSE,TRUE,FALSE,,TRUE,FALSE,,,FALSE,TRUE,,,FALSE,TRUE,,,TRUE,FALSE,,FALSE,TRUE,FALSE,TRUE,FALSE,TRUE
77,525146,52161,TRUE,FALSE,FALSE,TRUE,TRUE,FALSE,,TRUE,FALSE,,,FALSE,TRUE,,,FALSE,TRUE,,,TRUE,FALSE,,FALSE,TRUE,FALSE,TRUE,FALSE,TRUE
78,52443,52508,TRUE,FALSE,FALSE,TRUE,TRUE,FALSE,,FALSE,TRUE,,,FALSE,TRUE,,,FALSE,TRUE,,,TRUE,FALSE,,FALSE,TRUE,FALSE,TRUE,FALSE,TRUE
79,52468,52516,TRUE,FALSE,FALSE,TRUE,FALSE,TRUE,,FALSE,TRUE,,,TRUE,FALSE,,,TRUE,FALSE,,,TRUE,FALSE,,FALSE,TRUE,FALSE,TRUE,FALSE,TRUE
80,52351,52519,TRUE,FALSE,FALSE,TRUE,FALSE,TRUE,,FALSE,TRUE,,,TRUE,FALSE,,,TRUE,FALSE,,,TRUE,FALSE,,FALSE,TRUE,FALSE,TRUE,FALSE,TRUE
81,52497,52527,TRUE,FALSE,FALSE,TRUE,FALSE,TRUE,,FALSE,TRUE,,,TRUE,FALSE,,,TRUE,FALSE,,,TRUE,FALSE,,FALSE,TRUE,FALSE,TRUE,TRUE,FALSE
82,52524,52602,TRUE,FALSE,FALSE,TRUE,FALSE,TRUE,,FALSE,TRUE,,,TRUE,FALSE,,,TRUE,FALSE,,,TRUE,FALSE,,FALSE,TRUE,FALSE,TRUE,TRUE,FALSE
83,52604,52606,TRUE,FALSE,FALSE,TRUE,FALSE,TRUE,,FALSE,TRUE,,,TRUE,FALSE,,,TRUE,FALSE,,,TRUE,FALSE,,FALSE,TRUE,FALSE,TRUE,TRUE,FALSE
84,52545,52615,TRUE,FALSE,FALSE,TRUE,TRUE,FALSE,,FALSE,TRUE,,,TRUE,FALSE,,,TRUE,FALSE,,,TRUE,FALSE,,FALSE,TRUE,FALSE,TRUE,TRUE,FALSE
85,52391,52617,FALSE,TRUE,FALSE,TRUE,FALSE,TRUE,,FALSE,TRUE,,,FALSE,TRUE,,,FALSE,TRUE,,,TRUE,FALSE,,FALSE,TRUE,FALSE,TRUE,FALSE,TRUE
86,52582,52667,TRUE,FALSE,FALSE,TRUE,TRUE,FALSE,,FALSE,TRUE,,,TRUE,FALSE,,,TRUE,FALSE,,,TRUE,FALSE,,FALSE,TRUE,FALSE,TRUE,TRUE,FALSE
87,47119,52696,TRUE,FALSE,FALSE,TRUE,TRUE,FALSE,,FALSE,TRUE,,,FALSE,TRUE,,,TRUE,FALSE,,,TRUE,FALSE,,FALSE,TRUE,FALSE,TRUE,FALSE,TRUE
88,47119,52696seating,TRUE,FALSE,FALSE,TRUE,TRUE,FALSE,,FALSE,TRUE,,,FALSE,TRUE,,,TRUE,FALSE,,,TRUE,FALSE,,FALSE,TRUE,FALSE,TRUE,TRUE,FALSE
91,39022,52718,TRUE,FALSE,FALSE,TRUE,TRUE,FALSE,,FALSE,TRUE,,,FALSE,TRUE,,,TRUE,FALSE,,,TRUE,FALSE,,FALSE,TRUE,FALSE,TRUE,FALSE,TRUE
89,39022,52720,TRUE,FALSE,FALSE,TRUE,TRUE,FALSE,,FALSE,TRUE,,,FALSE,TRUE,,,TRUE,FALSE,,,TRUE,FALSE,,FALSE,TRUE,FALSE,TRUE,FALSE,TRUE
90,39022,52724,TRUE,FALSE,FALSE,TRUE,TRUE,FALSE,,FALSE,TRUE,,,FALSE,TRUE,,,TRUE,FALSE,,,TRUE,FALSE,,FALSE,TRUE,FALSE,TRUE,FALSE,TRUE
93,52351,52753,TRUE,FALSE,FALSE,TRUE,TRUE,FALSE,,FALSE,TRUE,,,TRUE,FALSE,,,TRUE,FALSE,,,TRUE,FALSE,,FALSE,TRUE,FALSE,TRUE,FALSE,TRUE
94,52533,52756,TRUE,FALSE,FALSE,TRUE,TRUE,FALSE,,FALSE,TRUE,,,TRUE,FALSE,,,TRUE,FALSE,,,TRUE,FALSE,,FALSE,TRUE,FALSE,TRUE,FALSE,TRUE
95,52534,52760,TRUE,FALSE,FALSE,TRUE,TRUE,FALSE,,FALSE,TRUE,,,TRUE,FALSE,,,TRUE,FALSE,,,TRUE,FALSE,,FALSE,TRUE,FALSE,TRUE,FALSE,TRUE
96,52735,52799,FALSE,TRUE,FALSE,TRUE,TRUE,FALSE,,FALSE,TRUE,,,TRUE,FALSE,,,TRUE,FALSE,,,TRUE,FALSE,,FALSE,TRUE,FALSE,TRUE,FALSE,TRUE
97,53008,53077,TRUE,FALSE,FALSE,TRUE,TRUE,FALSE,,FALSE,TRUE,,,FALSE,TRUE,,,FALSE,TRUE,,,TRUE,FALSE,,FALSE,TRUE,FALSE,TRUE,FALSE,TRUE
98,53008,530771st,TRUE,FALSE,FALSE,TRUE,TRUE,FALSE,,FALSE,TRUE,,,TRUE,FALSE,,,TRUE,FALSE,,,TRUE,FALSE,,FALSE,TRUE,FALSE,TRUE,TRUE,FALSE
99,30356,53269,TRUE,FALSE,FALSE,TRUE,TRUE,FALSE,,FALSE,TRUE,,,TRUE,FALSE,,,TRUE,FALSE,,,TRUE,FALSE,,FALSE,TRUE,FALSE,TRUE,FALSE,TRUE
102,53583,53594,TRUE,FALSE,FALSE,TRUE,TRUE,FALSE,,TRUE,FALSE,,,TRUE,FALSE,,,TRUE,FALSE,,,TRUE,FALSE,,FALSE,TRUE,FALSE,TRUE,TRUE,FALSE
104,53723,53776,TRUE,FALSE,FALSE,TRUE,TRUE,FALSE,,FALSE,TRUE,,,FALSE,TRUE,,,FALSE,TRUE,,,TRUE,FALSE,,FALSE,TRUE,FALSE,TRUE,FALSE,TRUE
119,53723,53776Rev1,TRUE,FALSE,FALSE,TRUE,TRUE,FALSE,,FALSE,TRUE,,,FALSE,TRUE,,,FALSE,TRUE,,,TRUE,FALSE,,FALSE,TRUE,FALSE,TRUE,FALSE,TRUE
105,50705,53795,TRUE,FALSE,FALSE,TRUE,TRUE,FALSE,,FALSE,TRUE,,,TRUE,FALSE,,,TRUE,FALSE,,,TRUE,FALSE,,FALSE,TRUE,FALSE,TRUE,FALSE,TRUE
106,50705,53795Split,TRUE,FALSE,FALSE,TRUE,TRUE,FALSE,,FALSE,TRUE,,,TRUE,FALSE,,,TRUE,FALSE,,,TRUE,FALSE,,FALSE,TRUE,FALSE,TRUE,FALSE,TRUE
107,48835,53914,TRUE,FALSE,FALSE,TRUE,TRUE,FALSE,,FALSE,TRUE,,,TRUE,FALSE,,,TRUE,FALSE,,,TRUE,FALSE,,FALSE,TRUE,FALSE,TRUE,FALSE,TRUE
108,53896,53943,TRUE,FALSE,TRUE,FALSE,TRUE,FALSE,,FALSE,TRUE,,,FALSE,TRUE,,,TRUE,FALSE,,,TRUE,FALSE,,FALSE,TRUE,FALSE,TRUE,FALSE,TRUE
109,54037,54067,TRUE,FALSE,FALSE,TRUE,FALSE,TRUE,,FALSE,TRUE,,,TRUE,FALSE,,,TRUE,FALSE,,,TRUE,FALSE,,FALSE,TRUE,FALSE,TRUE,FALSE,TRUE
111,,54067u,TRUE,FALSE,FALSE,TRUE,FALSE,TRUE,,FALSE,TRUE,,,TRUE,FALSE,,,TRUE,FALSE,,,TRUE,FALSE,,FALSE,TRUE,FALSE,TRUE,FALSE,TRUE
110,54037,54068,TRUE,FALSE,FALSE,TRUE,FALSE,TRUE,,FALSE,TRUE,,,TRUE,FALSE,,,TRUE,FALSE,,,TRUE,FALSE,,FALSE,TRUE,FALSE,TRUE,FALSE,TRUE
112,40430,54167,TRUE,FALSE,FALSE,TRUE,TRUE,FALSE,,FALSE,TRUE,,,TRUE,FALSE,,,TRUE,FALSE,,,TRUE,FALSE,,FALSE,TRUE,FALSE,TRUE,TRUE,FALSE
179,40430,54167-1,TRUE,FALSE,FALSE,TRUE,TRUE,FALSE,,FALSE,TRUE,,,TRUE,FALSE,,,TRUE,FALSE,,,TRUE,FALSE,,FALSE,TRUE,FALSE,TRUE,TRUE,FALSE
113,48405,54168,TRUE,FALSE,FALSE,TRUE,TRUE,FALSE,,FALSE,TRUE,,,TRUE,FALSE,,,TRUE,FALSE,,,TRUE,FALSE,,FALSE,TRUE,FALSE,TRUE,TRUE,FALSE
114,53992,54206,TRUE,FALSE,FALSE,TRUE,FALSE,TRUE,,FALSE,TRUE,,,TRUE,FALSE,,,TRUE,FALSE,,,TRUE,FALSE,,FALSE,TRUE,FALSE,TRUE,TRUE,FALSE
118,53992,54206 rev1,TRUE,FALSE,FALSE,TRUE,TRUE,FALSE,,FALSE,TRUE,,,TRUE,FALSE,,,TRUE,FALSE,,,TRUE,FALSE,,FALSE,TRUE,FALSE,TRUE,FALSE,TRUE
116,54257,54257,TRUE,FALSE,FALSE,TRUE,TRUE,FALSE,,FALSE,TRUE,,,TRUE,FALSE,,,TRUE,FALSE,,,TRUE,FALSE,,FALSE,TRUE,FALSE,TRUE,FALSE,TRUE
115,48835,54286,TRUE,FALSE,FALSE,TRUE,TRUE,FALSE,,FALSE,TRUE,,,FALSE,TRUE,,,FALSE,TRUE,,,TRUE,FALSE,,FALSE,TRUE,FALSE,TRUE,FALSE,TRUE
117,54392,54482,TRUE,FALSE,FALSE,TRUE,TRUE,FALSE,,FALSE,TRUE,,,TRUE,FALSE,,,TRUE,FALSE,,,TRUE,FALSE,,FALSE,TRUE,FALSE,TRUE,FALSE,TRUE
120,54162,54551,TRUE,FALSE,FALSE,TRUE,TRUE,FALSE,,FALSE,TRUE,,,TRUE,FALSE,,,TRUE,FALSE,,,TRUE,FALSE,,FALSE,TRUE,FALSE,TRUE,TRUE,FALSE
122,54572,54733,TRUE,FALSE,FALSE,TRUE,FALSE,TRUE,,FALSE,TRUE,,,TRUE,FALSE,,,TRUE,FALSE,,,TRUE,FALSE,,FALSE,TRUE,FALSE,TRUE,FALSE,TRUE
124,54763,54733 addon,TRUE,FALSE,FALSE,TRUE,TRUE,FALSE,,FALSE,TRUE,,,TRUE,FALSE,,,TRUE,FALSE,,,TRUE,FALSE,,FALSE,TRUE,FALSE,TRUE,FALSE,TRUE
123,54790,54803,TRUE,FALSE,FALSE,TRUE,TRUE,FALSE,,FALSE,TRUE,,,FALSE,TRUE,,,FALSE,TRUE,,,TRUE,FALSE,,FALSE,TRUE,FALSE,TRUE,FALSE,TRUE
125,54736,54863rev,TRUE,FALSE,FALSE,TRUE,TRUE,FALSE,,TRUE,FALSE,,,TRUE,FALSE,,,TRUE,FALSE,,,TRUE,FALSE,,FALSE,TRUE,FALSE,TRUE,TRUE,FALSE
127,55014,55019,FALSE,TRUE,FALSE,TRUE,TRUE,FALSE,,FALSE,TRUE,,,FALSE,TRUE,,,FALSE,TRUE,,,TRUE,FALSE,,FALSE,TRUE,FALSE,TRUE,FALSE,TRUE
128,55017,55020,FALSE,TRUE,FALSE,TRUE,TRUE,FALSE,,FALSE,TRUE,,,FALSE,TRUE,,,FALSE,TRUE,,,TRUE,FALSE,,FALSE,TRUE,FALSE,TRUE,FALSE,TRUE
129,55016,55022,FALSE,TRUE,FALSE,TRUE,TRUE,FALSE,,FALSE,TRUE,,,FALSE,TRUE,,,FALSE,TRUE,,,TRUE,FALSE,,FALSE,TRUE,FALSE,TRUE,FALSE,TRUE
130,55037,55072,TRUE,FALSE,FALSE,TRUE,TRUE,FALSE,,FALSE,TRUE,,,FALSE,TRUE,,,FALSE,TRUE,,,TRUE,FALSE,,FALSE,TRUE,FALSE,TRUE,FALSE,TRUE
131,55081,55099,TRUE,FALSE,FALSE,TRUE,TRUE,FALSE,,FALSE,TRUE,,,FALSE,TRUE,,,FALSE,TRUE,,,TRUE,FALSE,,FALSE,TRUE,FALSE,TRUE,TRUE,FALSE
132,55155,55250,TRUE,FALSE,FALSE,TRUE,TRUE,FALSE,,FALSE,TRUE,,,FALSE,TRUE,,,FALSE,TRUE,,,TRUE,FALSE,,FALSE,TRUE,FALSE,TRUE,FALSE,TRUE
133,55154,55253,TRUE,FALSE,FALSE,TRUE,TRUE,FALSE,,FALSE,TRUE,,,FALSE,TRUE,,,FALSE,TRUE,,,TRUE,FALSE,,FALSE,TRUE,FALSE,TRUE,FALSE,TRUE
134,55156,55254,TRUE,FALSE,FALSE,TRUE,TRUE,FALSE,,FALSE,TRUE,,,FALSE,TRUE,,,FALSE,TRUE,,,TRUE,FALSE,,FALSE,TRUE,FALSE,TRUE,FALSE,TRUE
135,55157,55257,TRUE,FALSE,FALSE,TRUE,TRUE,FALSE,,FALSE,TRUE,,,FALSE,TRUE,,,FALSE,TRUE,,,TRUE,FALSE,,FALSE,TRUE,FALSE,TRUE,FALSE,TRUE
136,55160,55260,TRUE,FALSE,FALSE,TRUE,TRUE,FALSE,,FALSE,TRUE,,,FALSE,TRUE,,,FALSE,TRUE,,,TRUE,FALSE,,FALSE,TRUE,FALSE,TRUE,FALSE,TRUE
137,55161,55264,TRUE,FALSE,FALSE,TRUE,TRUE,FALSE,,FALSE,TRUE,,,FALSE,TRUE,,,FALSE,TRUE,,,TRUE,FALSE,,FALSE,TRUE,FALSE,TRUE,FALSE,TRUE
138,55413,55465,TRUE,FALSE,FALSE,TRUE,FALSE,TRUE,,FALSE,TRUE,,,TRUE,FALSE,,,TRUE,FALSE,,,TRUE,FALSE,,FALSE,TRUE,FALSE,TRUE,TRUE,FALSE
139,55477,55485,TRUE,FALSE,FALSE,TRUE,FALSE,TRUE,,FALSE,TRUE,,,TRUE,FALSE,,,TRUE,FALSE,,,TRUE,FALSE,,FALSE,TRUE,FALSE,TRUE,TRUE,FALSE
101,53484,5555,TRUE,FALSE,FALSE,TRUE,TRUE,FALSE,,FALSE,TRUE,,,TRUE,FALSE,,,TRUE,FALSE,,,TRUE,FALSE,,FALSE,TRUE,FALSE,TRUE,TRUE,FALSE
92,55555,55555,TRUE,FALSE,FALSE,TRUE,TRUE,FALSE,,FALSE,TRUE,,,TRUE,FALSE,,,TRUE,FALSE,,,TRUE,FALSE,,FALSE,TRUE,FALSE,TRUE,FALSE,TRUE
229,55555,555555,TRUE,FALSE,FALSE,TRUE,TRUE,FALSE,,FALSE,TRUE,,,TRUE,FALSE,,,TRUE,FALSE,,,TRUE,FALSE,,FALSE,TRUE,FALSE,TRUE,TRUE,FALSE
141,55593,55607,TRUE,FALSE,FALSE,TRUE,TRUE,FALSE,,FALSE,TRUE,,,TRUE,FALSE,,,TRUE,FALSE,,,TRUE,FALSE,,FALSE,TRUE,FALSE,TRUE,TRUE,FALSE
140,55438,55615,TRUE,FALSE,FALSE,TRUE,TRUE,FALSE,,FALSE,TRUE,,,TRUE,FALSE,,,TRUE,FALSE,,,TRUE,FALSE,,FALSE,TRUE,FALSE,TRUE,TRUE,FALSE
142,55809,55900,TRUE,FALSE,FALSE,TRUE,TRUE,FALSE,,FALSE,TRUE,,,FALSE,TRUE,,,FALSE,TRUE,,,TRUE,FALSE,,FALSE,TRUE,FALSE,TRUE,TRUE,FALSE
126,55008,55999,TRUE,FALSE,FALSE,TRUE,TRUE,FALSE,,TRUE,FALSE,,,FALSE,TRUE,,,FALSE,TRUE,,,TRUE,FALSE,,FALSE,TRUE,FALSE,TRUE,FALSE,TRUE
151,56057,56085,FALSE,TRUE,FALSE,TRUE,TRUE,FALSE,,FALSE,TRUE,,,TRUE,FALSE,,,TRUE,FALSE,,,TRUE,FALSE,,FALSE,TRUE,FALSE,TRUE,FALSE,TRUE
152,56058,56086,FALSE,TRUE,FALSE,TRUE,TRUE,FALSE,,FALSE,TRUE,,,TRUE,FALSE,,,TRUE,FALSE,,,TRUE,FALSE,,FALSE,TRUE,FALSE,TRUE,FALSE,TRUE
153,56091,56099,FALSE,TRUE,FALSE,TRUE,TRUE,FALSE,,FALSE,TRUE,,,TRUE,FALSE,,,TRUE,FALSE,,,TRUE,FALSE,,FALSE,TRUE,FALSE,TRUE,FALSE,TRUE
154,55875,56124,TRUE,FALSE,FALSE,TRUE,TRUE,FALSE,,FALSE,TRUE,,,TRUE,FALSE,,,TRUE,FALSE,,,TRUE,FALSE,,FALSE,TRUE,FALSE,TRUE,FALSE,TRUE
155,56157,56213,TRUE,FALSE,FALSE,TRUE,TRUE,FALSE,,FALSE,TRUE,,,TRUE,FALSE,,,TRUE,FALSE,,,TRUE,FALSE,,FALSE,TRUE,FALSE,TRUE,FALSE,TRUE
156,,56214,TRUE,FALSE,FALSE,TRUE,TRUE,FALSE,,FALSE,TRUE,,,TRUE,FALSE,,,TRUE,FALSE,,,TRUE,FALSE,,FALSE,TRUE,FALSE,TRUE,FALSE,TRUE
157,56171,56218,TRUE,FALSE,FALSE,TRUE,TRUE,FALSE,,FALSE,TRUE,,,TRUE,FALSE,,,TRUE,FALSE,,,TRUE,FALSE,,FALSE,TRUE,FALSE,TRUE,FALSE,TRUE
158,56137,56220,TRUE,FALSE,FALSE,TRUE,TRUE,FALSE,,FALSE,TRUE,,,TRUE,FALSE,,,TRUE,FALSE,,,TRUE,FALSE,,FALSE,TRUE,FALSE,TRUE,FALSE,TRUE
159,56228,56245,TRUE,FALSE,FALSE,TRUE,TRUE,FALSE,,FALSE,TRUE,,,FALSE,TRUE,,,FALSE,TRUE,,,TRUE,FALSE,,FALSE,TRUE,FALSE,TRUE,TRUE,FALSE
160,47676,56379 AO2,TRUE,FALSE,FALSE,TRUE,TRUE,FALSE,,FALSE,TRUE,,,TRUE,FALSE,,,TRUE,FALSE,,,TRUE,FALSE,,FALSE,TRUE,FALSE,TRUE,TRUE,FALSE
161,56061,56391,TRUE,FALSE,FALSE,TRUE,TRUE,FALSE,,FALSE,TRUE,,,TRUE,FALSE,,,TRUE,FALSE,,,TRUE,FALSE,,FALSE,TRUE,FALSE,TRUE,TRUE,FALSE
162,56572,56624,TRUE,FALSE,FALSE,TRUE,TRUE,FALSE,,TRUE,FALSE,,,TRUE,FALSE,,,TRUE,FALSE,,,TRUE,FALSE,,FALSE,TRUE,FALSE,TRUE,TRUE,FALSE
163,556621,56649,TRUE,FALSE,FALSE,TRUE,TRUE,FALSE,,FALSE,TRUE,,,TRUE,FALSE,,,TRUE,FALSE,,,TRUE,FALSE,,FALSE,TRUE,FALSE,TRUE,FALSE,TRUE
164,56633,56654,FALSE,TRUE,FALSE,TRUE,TRUE,FALSE,,TRUE,FALSE,,,TRUE,FALSE,,,TRUE,FALSE,,,TRUE,FALSE,,FALSE,TRUE,FALSE,TRUE,FALSE,TRUE
165,56828,56888,TRUE,FALSE,FALSE,TRUE,TRUE,FALSE,,TRUE,FALSE,,,TRUE,FALSE,,,TRUE,FALSE,,,TRUE,FALSE,,FALSE,TRUE,FALSE,TRUE,TRUE,FALSE
166,56621,56890,TRUE,FALSE,FALSE,TRUE,TRUE,FALSE,,TRUE,FALSE,,,TRUE,FALSE,,,TRUE,FALSE,,,TRUE,FALSE,,FALSE,TRUE,FALSE,TRUE,TRUE,FALSE
167,56900,56931,FALSE,TRUE,FALSE,TRUE,FALSE,TRUE,,FALSE,TRUE,,,FALSE,TRUE,,,FALSE,TRUE,,,TRUE,FALSE,,FALSE,TRUE,FALSE,TRUE,FALSE,TRUE
169,57107,57178,TRUE,FALSE,FALSE,TRUE,TRUE,FALSE,,FALSE,TRUE,,,FALSE,TRUE,,,FALSE,TRUE,,,TRUE,FALSE,,FALSE,TRUE,FALSE,TRUE,FALSE,TRUE
170,57184,57192,TRUE,FALSE,FALSE,TRUE,TRUE,FALSE,,FALSE,TRUE,,,TRUE,FALSE,,,TRUE,FALSE,,,TRUE,FALSE,,FALSE,TRUE,FALSE,TRUE,FALSE,TRUE
171,57314,57316,TRUE,FALSE,FALSE,TRUE,TRUE,FALSE,,FALSE,TRUE,,,TRUE,FALSE,,,TRUE,FALSE,,,TRUE,FALSE,,FALSE,TRUE,FALSE,TRUE,FALSE,TRUE
174,57365,57365,TRUE,FALSE,FALSE,TRUE,FALSE,TRUE,,FALSE,TRUE,,,FALSE,TRUE,,,FALSE,TRUE,,,TRUE,FALSE,,FALSE,TRUE,FALSE,TRUE,FALSE,TRUE
172,57418,57418,TRUE,FALSE,FALSE,TRUE,FALSE,TRUE,,FALSE,TRUE,,,TRUE,FALSE,,,TRUE,FALSE,,,TRUE,FALSE,,FALSE,TRUE,FALSE,TRUE,FALSE,TRUE
176,57692,57767 Eagle River,TRUE,FALSE,FALSE,TRUE,TRUE,FALSE,,FALSE,TRUE,,,FALSE,TRUE,,,FALSE,TRUE,,,TRUE,FALSE,,FALSE,TRUE,FALSE,TRUE,FALSE,TRUE
175,57692,57767 Ekultna,TRUE,FALSE,FALSE,TRUE,TRUE,FALSE,,FALSE,TRUE,,,FALSE,TRUE,,,FALSE,TRUE,,,TRUE,FALSE,,FALSE,TRUE,FALSE,TRUE,FALSE,TRUE
177,57692,57855,TRUE,FALSE,FALSE,TRUE,TRUE,FALSE,,FALSE,TRUE,,,FALSE,TRUE,,,FALSE,TRUE,,,TRUE,FALSE,,FALSE,TRUE,FALSE,TRUE,FALSE,TRUE
178,57770,57872,TRUE,FALSE,FALSE,TRUE,FALSE,TRUE,,FALSE,TRUE,,,TRUE,FALSE,,,TRUE,FALSE,,,TRUE,FALSE,,FALSE,TRUE,FALSE,TRUE,FALSE,TRUE
180,57976,57982,TRUE,FALSE,FALSE,TRUE,FALSE,TRUE,,FALSE,TRUE,,,FALSE,TRUE,,,FALSE,TRUE,,,TRUE,FALSE,,FALSE,TRUE,FALSE,TRUE,TRUE,FALSE
181,57985,58006,TRUE,FALSE,FALSE,TRUE,FALSE,TRUE,,FALSE,TRUE,,,FALSE,TRUE,,,FALSE,TRUE,,,TRUE,FALSE,,FALSE,TRUE,FALSE,TRUE,TRUE,FALSE
182,58010,58017,TRUE,FALSE,FALSE,TRUE,FALSE,TRUE,,FALSE,TRUE,,,FALSE,TRUE,,,TRUE,FALSE,,,TRUE,FALSE,,FALSE,TRUE,FALSE,TRUE,TRUE,FALSE
183,53451,58082,TRUE,FALSE,FALSE,TRUE,FALSE,TRUE,,FALSE,TRUE,,,FALSE,TRUE,,,FALSE,TRUE,,,TRUE,FALSE,,FALSE,TRUE,FALSE,TRUE,TRUE,FALSE
185,57969,58357,TRUE,FALSE,FALSE,TRUE,TRUE,FALSE,,FALSE,TRUE,,,FALSE,TRUE,,,TRUE,FALSE,4,5,TRUE,FALSE,,FALSE,TRUE,FALSE,TRUE,FALSE,TRUE
186,58427,58470,TRUE,FALSE,FALSE,TRUE,TRUE,FALSE,,FALSE,TRUE,,,FALSE,TRUE,,,FALSE,TRUE,,,TRUE,FALSE,,FALSE,TRUE,FALSE,TRUE,FALSE,TRUE
187,58427,58480,FALSE,TRUE,FALSE,TRUE,FALSE,TRUE,,FALSE,TRUE,,,FALSE,TRUE,,,FALSE,TRUE,,,TRUE,FALSE,,FALSE,TRUE,FALSE,TRUE,FALSE,TRUE
190,,58654 AO2High,TRUE,FALSE,FALSE,TRUE,TRUE,FALSE,,FALSE,TRUE,,,TRUE,FALSE,,,TRUE,FALSE,,,TRUE,FALSE,,FALSE,TRUE,FALSE,TRUE,FALSE,TRUE
189,,58654 AO2low,TRUE,FALSE,FALSE,TRUE,TRUE,FALSE,,FALSE,TRUE,,,TRUE,FALSE,,,TRUE,FALSE,,,TRUE,FALSE,,FALSE,TRUE,FALSE,TRUE,FALSE,TRUE
188,58648,58654 canvas,TRUE,FALSE,FALSE,TRUE,TRUE,FALSE,,FALSE,TRUE,,,TRUE,FALSE,,,TRUE,FALSE,,,TRUE,FALSE,,FALSE,TRUE,FALSE,TRUE,FALSE,TRUE
191,58663,58680,TRUE,FALSE,FALSE,TRUE,TRUE,FALSE,,FALSE,TRUE,,,FALSE,TRUE,,,FALSE,TRUE,,,TRUE,FALSE,,FALSE,TRUE,FALSE,TRUE,TRUE,FALSE
193,58962,58999,TRUE,FALSE,FALSE,TRUE,TRUE,FALSE,,FALSE,TRUE,,,FALSE,TRUE,,,FALSE,TRUE,,,TRUE,FALSE,,FALSE,TRUE,FALSE,TRUE,FALSE,TRUE
194,58962,59002,TRUE,FALSE,FALSE,TRUE,TRUE,FALSE,,FALSE,TRUE,,,FALSE,TRUE,,,FALSE,TRUE,,,TRUE,FALSE,,FALSE,TRUE,FALSE,TRUE,FALSE,TRUE
201,59220,59245,TRUE,FALSE,FALSE,TRUE,TRUE,FALSE,,FALSE,TRUE,,,TRUE,FALSE,,,TRUE,FALSE,,,TRUE,FALSE,,FALSE,TRUE,FALSE,TRUE,TRUE,FALSE
234,59294,59404 HR Supervisor Final,TRUE,FALSE,FALSE,TRUE,TRUE,FALSE,,FALSE,TRUE,,,FALSE,TRUE,,,FALSE,TRUE,,,TRUE,FALSE,,FALSE,TRUE,FALSE,TRUE,FALSE,TRUE
235,59294,59404 Operations Rev1,TRUE,FALSE,FALSE,TRUE,TRUE,FALSE,,FALSE,TRUE,,,FALSE,TRUE,,,FALSE,TRUE,,,TRUE,FALSE,,FALSE,TRUE,FALSE,TRUE,FALSE,TRUE
204,,59404HR,TRUE,FALSE,FALSE,TRUE,TRUE,FALSE,,FALSE,TRUE,,,TRUE,FALSE,,,TRUE,FALSE,,,TRUE,FALSE,,FALSE,TRUE,FALSE,TRUE,FALSE,TRUE
233,59294,59404HR Rev1,TRUE,FALSE,FALSE,TRUE,TRUE,FALSE,,FALSE,TRUE,,,FALSE,TRUE,,,FALSE,TRUE,,,TRUE,FALSE,,FALSE,TRUE,FALSE,TRUE,FALSE,TRUE
203,59294,59404operations,TRUE,FALSE,FALSE,TRUE,TRUE,FALSE,,FALSE,TRUE,,,TRUE,FALSE,,,TRUE,FALSE,,,TRUE,FALSE,,FALSE,TRUE,FALSE,TRUE,FALSE,TRUE
205,49489,59490,TRUE,FALSE,FALSE,TRUE,TRUE,FALSE,,FALSE,TRUE,,,TRUE,FALSE,,,TRUE,FALSE,,,TRUE,FALSE,,FALSE,TRUE,FALSE,TRUE,TRUE,FALSE
207,59490,59490 opt,TRUE,FALSE,FALSE,TRUE,TRUE,FALSE,,FALSE,TRUE,,,TRUE,FALSE,,,TRUE,FALSE,,,TRUE,FALSE,,FALSE,TRUE,FALSE,TRUE,TRUE,FALSE
206,59512,59537,TRUE,FALSE,FALSE,TRUE,TRUE,FALSE,,FALSE,TRUE,,,TRUE,FALSE,,,TRUE,FALSE,,,TRUE,FALSE,,FALSE,TRUE,FALSE,TRUE,TRUE,FALSE
209,59422,59567,TRUE,FALSE,FALSE,TRUE,TRUE,FALSE,,FALSE,TRUE,,,TRUE,FALSE,,,TRUE,FALSE,,,TRUE,FALSE,,FALSE,TRUE,FALSE,TRUE,TRUE,FALSE
208,59422,59567 OPT,TRUE,FALSE,FALSE,TRUE,TRUE,FALSE,,FALSE,TRUE,,,TRUE,FALSE,,,TRUE,FALSE,,,TRUE,FALSE,,FALSE,TRUE,FALSE,TRUE,TRUE,FALSE
210,59583,59656,TRUE,FALSE,FALSE,TRUE,FALSE,TRUE,,FALSE,TRUE,,,TRUE,FALSE,,,TRUE,FALSE,,,TRUE,FALSE,,FALSE,TRUE,FALSE,TRUE,TRUE,FALSE
200,58990,5th floor,FALSE,TRUE,FALSE,TRUE,FALSE,TRUE,,FALSE,TRUE,,,TRUE,FALSE,,,TRUE,FALSE,,,TRUE,FALSE,,FALSE,TRUE,FALSE,TRUE,FALSE,TRUE
199,58990,5th floor prelim Final,FALSE,TRUE,FALSE,TRUE,FALSE,TRUE,,FALSE,TRUE,,,TRUE,FALSE,,,TRUE,FALSE,,,TRUE,FALSE,,FALSE,TRUE,FALSE,TRUE,FALSE,TRUE
212,60278,60278,TRUE,FALSE,FALSE,TRUE,TRUE,FALSE,,FALSE,TRUE,,,TRUE,FALSE,,,TRUE,FALSE,,,TRUE,FALSE,,FALSE,TRUE,FALSE,TRUE,TRUE,FALSE
213,60279,60279,TRUE,FALSE,FALSE,TRUE,TRUE,FALSE,,FALSE,TRUE,,,TRUE,FALSE,,,TRUE,FALSE,,,TRUE,FALSE,,FALSE,TRUE,FALSE,TRUE,TRUE,FALSE
214,60309,60362,TRUE,FALSE,FALSE,TRUE,FALSE,TRUE,,FALSE,TRUE,,,TRUE,FALSE,,,TRUE,FALSE,,,TRUE,FALSE,,FALSE,TRUE,FALSE,TRUE,TRUE,FALSE
215,60309,60362Rev1,TRUE,FALSE,FALSE,TRUE,FALSE,TRUE,,FALSE,TRUE,,,TRUE,FALSE,,,TRUE,FALSE,,,TRUE,FALSE,,FALSE,TRUE,FALSE,TRUE,TRUE,FALSE
216,60451,60518,TRUE,FALSE,FALSE,TRUE,TRUE,FALSE,,FALSE,TRUE,,,TRUE,FALSE,,,TRUE,FALSE,,,TRUE,FALSE,,FALSE,TRUE,FALSE,TRUE,TRUE,FALSE
217,60081,60524,TRUE,FALSE,FALSE,TRUE,TRUE,FALSE,,FALSE,TRUE,,,TRUE,FALSE,,,TRUE,FALSE,,,TRUE,FALSE,,FALSE,TRUE,FALSE,TRUE,TRUE,FALSE
218,59722,60737 s panels,TRUE,FALSE,FALSE,TRUE,TRUE,FALSE,,TRUE,FALSE,,,TRUE,FALSE,,,TRUE,FALSE,,,TRUE,FALSE,,FALSE,TRUE,FALSE,TRUE,TRUE,FALSE
219,,60737 Tall frames,TRUE,FALSE,FALSE,TRUE,TRUE,FALSE,,TRUE,FALSE,,,TRUE,FALSE,,,TRUE,FALSE,,,TRUE,FALSE,,FALSE,TRUE,FALSE,TRUE,TRUE,FALSE
220,54989,60766 h a,TRUE,FALSE,FALSE,TRUE,TRUE,FALSE,,FALSE,TRUE,,,TRUE,FALSE,,,TRUE,FALSE,,,TRUE,FALSE,,FALSE,TRUE,FALSE,TRUE,TRUE,FALSE
221,54989,60766 stationary,TRUE,FALSE,FALSE,TRUE,TRUE,FALSE,,FALSE,TRUE,,,TRUE,FALSE,,,TRUE,FALSE,,,TRUE,FALSE,,FALSE,TRUE,FALSE,TRUE,TRUE,FALSE
222,60817,60820,TRUE,FALSE,FALSE,TRUE,TRUE,FALSE,,FALSE,TRUE,,,TRUE,FALSE,,,TRUE,FALSE,,,TRUE,FALSE,,FALSE,TRUE,FALSE,TRUE,TRUE,FALSE
224,60737,60822,TRUE,FALSE,FALSE,TRUE,TRUE,FALSE,,FALSE,TRUE,,,TRUE,FALSE,,,TRUE,FALSE,,,TRUE,FALSE,,FALSE,TRUE,FALSE,TRUE,TRUE,FALSE
223,60737,60822 chairs,TRUE,FALSE,FALSE,TRUE,TRUE,FALSE,,FALSE,TRUE,,,TRUE,FALSE,,,TRUE,FALSE,,,TRUE,FALSE,,FALSE,TRUE,FALSE,TRUE,TRUE,FALSE
226,60877,60965,TRUE,FALSE,TRUE,FALSE,TRUE,FALSE,,TRUE,FALSE,,,TRUE,FALSE,,,TRUE,FALSE,,,TRUE,FALSE,,FALSE,TRUE,FALSE,TRUE,FALSE,TRUE
225,60877,60965 3rd floor,TRUE,FALSE,TRUE,FALSE,TRUE,FALSE,,TRUE,FALSE,,,TRUE,FALSE,,,TRUE,FALSE,,,TRUE,FALSE,,FALSE,TRUE,FALSE,TRUE,FALSE,TRUE
228,61322,61338 Desk,TRUE,FALSE,FALSE,TRUE,TRUE,FALSE,,FALSE,TRUE,,,TRUE,FALSE,,,TRUE,FALSE,,,TRUE,FALSE,,FALSE,TRUE,FALSE,TRUE,TRUE,FALSE
227,61322,61338extra product,TRUE,FALSE,FALSE,TRUE,TRUE,FALSE,,FALSE,TRUE,,,TRUE,FALSE,,,TRUE,FALSE,,,TRUE,FALSE,,FALSE,TRUE,FALSE,TRUE,TRUE,FALSE
242,62618,61447,TRUE,FALSE,FALSE,TRUE,TRUE,FALSE,,FALSE,TRUE,,,TRUE,FALSE,,,TRUE,FALSE,,,TRUE,FALSE,,FALSE,TRUE,FALSE,TRUE,TRUE,FALSE
230,61660,61782,TRUE,FALSE,FALSE,TRUE,TRUE,FALSE,,FALSE,TRUE,,,FALSE,TRUE,,,FALSE,TRUE,,,TRUE,FALSE,,FALSE,TRUE,FALSE,TRUE,TRUE,FALSE
231,61777,61784,TRUE,FALSE,FALSE,TRUE,TRUE,FALSE,,FALSE,TRUE,,,FALSE,TRUE,,,FALSE,TRUE,,,TRUE,FALSE,,FALSE,TRUE,FALSE,TRUE,TRUE,FALSE
232,61913,61943,FALSE,TRUE,FALSE,TRUE,TRUE,FALSE,,FALSE,TRUE,,,FALSE,TRUE,,,FALSE,TRUE,,,TRUE,FALSE,,FALSE,TRUE,FALSE,TRUE,FALSE,TRUE
236,43020,62366,TRUE,FALSE,FALSE,TRUE,TRUE,FALSE,,FALSE,TRUE,,,FALSE,TRUE,,,FALSE,TRUE,,,TRUE,FALSE,,FALSE,TRUE,FALSE,TRUE,FALSE,TRUE
237,62413,62440,TRUE,FALSE,FALSE,TRUE,TRUE,FALSE,,FALSE,TRUE,,,TRUE,FALSE,,,TRUE,FALSE,,,TRUE,FALSE,,FALSE,TRUE,FALSE,TRUE,TRUE,FALSE
238,62525,62580,TRUE,FALSE,FALSE,TRUE,TRUE,FALSE,,FALSE,TRUE,,,TRUE,FALSE,,,TRUE,FALSE,,,TRUE,FALSE,,FALSE,TRUE,FALSE,TRUE,FALSE,TRUE
239,62528,62581,TRUE,FALSE,FALSE,TRUE,TRUE,FALSE,,FALSE,TRUE,,,TRUE,FALSE,,,TRUE,FALSE,,,TRUE,FALSE,,FALSE,TRUE,FALSE,TRUE,TRUE,FALSE
240,62529,62582,TRUE,FALSE,FALSE,TRUE,TRUE,FALSE,,FALSE,TRUE,,,TRUE,FALSE,,,TRUE,FALSE,,,TRUE,FALSE,,FALSE,TRUE,FALSE,TRUE,TRUE,FALSE
241,62685,62746,TRUE,FALSE,FALSE,TRUE,TRUE,FALSE,,FALSE,TRUE,,,TRUE,FALSE,,,TRUE,FALSE,,,TRUE,FALSE,,FALSE,TRUE,FALSE,TRUE,TRUE,FALSE
243,faa dining,63027,TRUE,FALSE,FALSE,TRUE,TRUE,FALSE,,FALSE,TRUE,,,TRUE,FALSE,,,TRUE,FALSE,,,TRUE,FALSE,,FALSE,TRUE,FALSE,TRUE,TRUE,FALSE
244,63080,63093,TRUE,FALSE,FALSE,TRUE,TRUE,FALSE,,FALSE,TRUE,,,TRUE,FALSE,,,TRUE,FALSE,,,TRUE,FALSE,,FALSE,TRUE,FALSE,TRUE,TRUE,FALSE
245,63080,63093 Rev1,TRUE,FALSE,FALSE,TRUE,TRUE,FALSE,,FALSE,TRUE,,,TRUE,FALSE,,,TRUE,FALSE,,,TRUE,FALSE,,FALSE,TRUE,FALSE,TRUE,TRUE,FALSE
246,63245,63266,TRUE,FALSE,FALSE,TRUE,TRUE,FALSE,,FALSE,TRUE,,,TRUE,FALSE,,,TRUE,FALSE,,,TRUE,FALSE,,FALSE,TRUE,FALSE,TRUE,TRUE,FALSE
247,63373,63422,TRUE,FALSE,FALSE,TRUE,TRUE,FALSE,,FALSE,TRUE,,,TRUE,FALSE,,,TRUE,FALSE,,,TRUE,FALSE,,FALSE,TRUE,FALSE,TRUE,TRUE,FALSE
248,63371,63423,TRUE,FALSE,FALSE,TRUE,TRUE,FALSE,,FALSE,TRUE,,,TRUE,FALSE,,,TRUE,FALSE,,,TRUE,FALSE,,FALSE,TRUE,FALSE,TRUE,TRUE,FALSE
249,63234,63507,FALSE,TRUE,FALSE,TRUE,FALSE,TRUE,,FALSE,TRUE,,,TRUE,FALSE,,,TRUE,FALSE,,,TRUE,FALSE,,FALSE,TRUE,FALSE,TRUE,FALSE,TRUE
250,63741,63742,TRUE,FALSE,FALSE,TRUE,TRUE,FALSE,,FALSE,TRUE,,,TRUE,FALSE,,,TRUE,FALSE,,,TRUE,FALSE,,FALSE,TRUE,FALSE,TRUE,TRUE,FALSE
252,63741,63742 Phase I,TRUE,FALSE,FALSE,TRUE,TRUE,FALSE,,FALSE,TRUE,,,FALSE,TRUE,,,FALSE,TRUE,,,TRUE,FALSE,,FALSE,TRUE,FALSE,TRUE,TRUE,FALSE
253,63741,63742 Phase II,TRUE,FALSE,FALSE,TRUE,TRUE,FALSE,,FALSE,TRUE,,,FALSE,TRUE,,,FALSE,TRUE,,,TRUE,FALSE,,FALSE,TRUE,FALSE,TRUE,TRUE,FALSE
254,63741,63742PhaseIII,TRUE,FALSE,FALSE,TRUE,TRUE,FALSE,,FALSE,TRUE,,,FALSE,TRUE,,,FALSE,TRUE,,,TRUE,FALSE,,FALSE,TRUE,FALSE,TRUE,TRUE,FALSE
251,63741,63742Rev1,TRUE,FALSE,FALSE,TRUE,TRUE,FALSE,,FALSE,TRUE,,,TRUE,FALSE,,,TRUE,FALSE,,,TRUE,FALSE,,FALSE,TRUE,FALSE,TRUE,TRUE,FALSE
256,59294,64135 Breakroom,FALSE,TRUE,FALSE,TRUE,TRUE,FALSE,,FALSE,TRUE,,,FALSE,TRUE,,,FALSE,TRUE,,,TRUE,FALSE,,FALSE,TRUE,FALSE,TRUE,FALSE,TRUE
257,,64135 Coordination,FALSE,TRUE,FALSE,TRUE,TRUE,FALSE,,FALSE,TRUE,,,FALSE,TRUE,,,FALSE,TRUE,,,TRUE,FALSE,,FALSE,TRUE,FALSE,TRUE,FALSE,TRUE
259,59294,64135 Training B1,FALSE,TRUE,FALSE,TRUE,TRUE,FALSE,,FALSE,TRUE,,,FALSE,TRUE,,,FALSE,TRUE,,,TRUE,FALSE,,FALSE,TRUE,FALSE,TRUE,FALSE,TRUE
260,59294,64135 Training B3,FALSE,TRUE,FALSE,TRUE,TRUE,FALSE,,FALSE,TRUE,,,FALSE,TRUE,,,FALSE,TRUE,,,TRUE,FALSE,,FALSE,TRUE,FALSE,TRUE,FALSE,TRUE
258,59294,64135 Training Manager,FALSE,TRUE,FALSE,TRUE,TRUE,FALSE,,FALSE,TRUE,,,FALSE,TRUE,,,FALSE,TRUE,,,TRUE,FALSE,,FALSE,TRUE,FALSE,TRUE,FALSE,TRUE
261,64142,64143 Phase I,TRUE,FALSE,FALSE,TRUE,TRUE,FALSE,,FALSE,TRUE,,,TRUE,FALSE,,,TRUE,FALSE,,,TRUE,FALSE,,FALSE,TRUE,FALSE,TRUE,FALSE,TRUE
262,64142,64143 Phase Ia,TRUE,FALSE,FALSE,TRUE,TRUE,FALSE,,FALSE,TRUE,,,TRUE,FALSE,,,TRUE,FALSE,,,TRUE,FALSE,,FALSE,TRUE,FALSE,TRUE,FALSE,TRUE
268,64319,64334,TRUE,FALSE,FALSE,TRUE,TRUE,FALSE,,FALSE,TRUE,,,TRUE,FALSE,,,TRUE,FALSE,,,TRUE,FALSE,,FALSE,TRUE,FALSE,TRUE,FALSE,TRUE
271,61154,64589,TRUE,FALSE,FALSE,TRUE,TRUE,FALSE,,FALSE,TRUE,,,FALSE,TRUE,,,FALSE,TRUE,,,TRUE,FALSE,,FALSE,TRUE,FALSE,TRUE,TRUE,FALSE
272,64611,64612,FALSE,TRUE,FALSE,TRUE,TRUE,FALSE,,FALSE,TRUE,,,FALSE,TRUE,,,FALSE,TRUE,,,TRUE,FALSE,,FALSE,TRUE,FALSE,TRUE,FALSE,TRUE
273,64661,64667,TRUE,FALSE,FALSE,TRUE,TRUE,FALSE,,FALSE,TRUE,,,FALSE,TRUE,,,FALSE,TRUE,,,TRUE,FALSE,,FALSE,TRUE,FALSE,TRUE,TRUE,FALSE
274,56061,65062,TRUE,FALSE,FALSE,TRUE,TRUE,FALSE,,FALSE,TRUE,,,TRUE,FALSE,,,TRUE,FALSE,,,TRUE,FALSE,,FALSE,TRUE,FALSE,TRUE,FALSE,TRUE
275,65029,65066,TRUE,FALSE,FALSE,TRUE,TRUE,FALSE,,FALSE,TRUE,,,TRUE,FALSE,,,TRUE,FALSE,,,TRUE,FALSE,,FALSE,TRUE,FALSE,TRUE,FALSE,TRUE
276,59790,65217,FALSE,TRUE,FALSE,TRUE,TRUE,FALSE,,FALSE,TRUE,,,FALSE,TRUE,,,FALSE,TRUE,,,TRUE,FALSE,,FALSE,TRUE,FALSE,TRUE,FALSE,TRUE
278,65732,65994,TRUE,FALSE,FALSE,TRUE,TRUE,FALSE,,FALSE,TRUE,,,TRUE,FALSE,,,TRUE,FALSE,,,TRUE,FALSE,,FALSE,TRUE,FALSE,TRUE,TRUE,FALSE
279,66285,66324,TRUE,FALSE,FALSE,TRUE,TRUE,FALSE,,FALSE,TRUE,,,TRUE,FALSE,,,TRUE,FALSE,,,TRUE,FALSE,,FALSE,TRUE,FALSE,TRUE,TRUE,FALSE
319,66336,66429,TRUE,FALSE,FALSE,TRUE,TRUE,FALSE,,FALSE,TRUE,,,TRUE,FALSE,,,TRUE,FALSE,,,TRUE,FALSE,,FALSE,TRUE,FALSE,TRUE,TRUE,FALSE
320,66336,66429AV,TRUE,FALSE,FALSE,TRUE,TRUE,FALSE,,FALSE,TRUE,,,TRUE,FALSE,,,TRUE,FALSE,,,TRUE,FALSE,,FALSE,TRUE,FALSE,TRUE,TRUE,FALSE
321,66333,66506,TRUE,FALSE,FALSE,TRUE,TRUE,FALSE,,FALSE,TRUE,,,TRUE,FALSE,,,TRUE,FALSE,,,TRUE,FALSE,,FALSE,TRUE,FALSE,TRUE,TRUE,FALSE
354,ASD Muldoon,66666,TRUE,FALSE,FALSE,TRUE,TRUE,FALSE,,FALSE,TRUE,,,TRUE,FALSE,,,TRUE,FALSE,,,TRUE,FALSE,,FALSE,TRUE,FALSE,TRUE,TRUE,FALSE
322,59200,66955,TRUE,FALSE,FALSE,TRUE,TRUE,FALSE,,FALSE,TRUE,,,FALSE,TRUE,,,FALSE,TRUE,,,TRUE,FALSE,,FALSE,TRUE,FALSE,TRUE,FALSE,TRUE
332,63344,67503 lab,FALSE,TRUE,FALSE,TRUE,TRUE,FALSE,,TRUE,FALSE,,,TRUE,FALSE,,,TRUE,FALSE,,,TRUE,FALSE,,FALSE,TRUE,FALSE,TRUE,FALSE,TRUE
345,63344,67503 Lab Rev1,FALSE,TRUE,FALSE,TRUE,TRUE,FALSE,,TRUE,FALSE,,,TRUE,FALSE,,,TRUE,FALSE,,,TRUE,FALSE,,FALSE,TRUE,FALSE,TRUE,TRUE,FALSE
334,,67505 phase 2,FALSE,TRUE,FALSE,TRUE,TRUE,FALSE,,TRUE,FALSE,,,TRUE,FALSE,,,TRUE,FALSE,,,TRUE,FALSE,,FALSE,TRUE,FALSE,TRUE,FALSE,TRUE
333,,67505 Phase I,FALSE,TRUE,FALSE,TRUE,TRUE,FALSE,,TRUE,FALSE,,,TRUE,FALSE,,,TRUE,FALSE,,,TRUE,FALSE,,FALSE,TRUE,FALSE,TRUE,FALSE,TRUE
335,67499,67731,TRUE,FALSE,FALSE,TRUE,TRUE,FALSE,,FALSE,TRUE,,,TRUE,FALSE,,,TRUE,FALSE,,,TRUE,FALSE,,FALSE,TRUE,FALSE,TRUE,TRUE,FALSE
336,67706,67790A1,TRUE,FALSE,FALSE,TRUE,TRUE,FALSE,,FALSE,TRUE,,,TRUE,FALSE,,,TRUE,FALSE,,,TRUE,FALSE,,FALSE,TRUE,FALSE,TRUE,TRUE,FALSE
337,67706,67790A2,TRUE,FALSE,FALSE,TRUE,TRUE,FALSE,,FALSE,TRUE,,,TRUE,FALSE,,,TRUE,FALSE,,,TRUE,FALSE,,FALSE,TRUE,FALSE,TRUE,TRUE,FALSE
338,67706,67790B,TRUE,FALSE,FALSE,TRUE,TRUE,FALSE,,FALSE,TRUE,,,TRUE,FALSE,,,TRUE,FALSE,,,TRUE,FALSE,,FALSE,TRUE,FALSE,TRUE,TRUE,FALSE
339,67706,67790C,TRUE,FALSE,FALSE,TRUE,TRUE,FALSE,,FALSE,TRUE,,,TRUE,FALSE,,,TRUE,FALSE,,,TRUE,FALSE,,FALSE,TRUE,FALSE,TRUE,TRUE,FALSE
340,67706,67790D,TRUE,FALSE,FALSE,TRUE,TRUE,FALSE,,FALSE,TRUE,,,TRUE,FALSE,,,TRUE,FALSE,,,TRUE,FALSE,,FALSE,TRUE,FALSE,TRUE,TRUE,FALSE
341,67943,68508,TRUE,FALSE,FALSE,TRUE,TRUE,FALSE,,FALSE,TRUE,,,TRUE,FALSE,,,TRUE,FALSE,,,TRUE,FALSE,,FALSE,TRUE,FALSE,TRUE,TRUE,FALSE
342,68510,68567,FALSE,TRUE,FALSE,TRUE,TRUE,FALSE,,FALSE,TRUE,,,TRUE,FALSE,,,TRUE,FALSE,,,TRUE,FALSE,,FALSE,TRUE,FALSE,TRUE,TRUE,FALSE
343,68510,68622,TRUE,FALSE,FALSE,TRUE,TRUE,FALSE,,FALSE,TRUE,,,TRUE,FALSE,,,TRUE,FALSE,,,TRUE,FALSE,,FALSE,TRUE,FALSE,TRUE,TRUE,FALSE
344,69171,69183,TRUE,FALSE,FALSE,TRUE,TRUE,FALSE,,FALSE,TRUE,,,TRUE,FALSE,,,TRUE,FALSE,,,TRUE,FALSE,,TRUE,FALSE,FALSE,TRUE,TRUE,FALSE
352,mediset,69723,FALSE,TRUE,FALSE,TRUE,TRUE,FALSE,,FALSE,TRUE,,,TRUE,FALSE,,,TRUE,FALSE,,,TRUE,FALSE,,FALSE,TRUE,FALSE,TRUE,TRUE,FALSE
353,68912,69857,FALSE,TRUE,FALSE,TRUE,TRUE,FALSE,,FALSE,TRUE,,,TRUE,FALSE,,,TRUE,FALSE,,,TRUE,FALSE,,FALSE,TRUE,FALSE,TRUE,TRUE,FALSE
355,70084,70463,TRUE,FALSE,FALSE,TRUE,TRUE,FALSE,,FALSE,TRUE,,,TRUE,FALSE,,,TRUE,FALSE,,,TRUE,FALSE,,FALSE,TRUE,FALSE,TRUE,FALSE,TRUE
356,Cushman,70822,TRUE,FALSE,FALSE,TRUE,TRUE,FALSE,,FALSE,TRUE,,,FALSE,TRUE,,,FALSE,TRUE,,,TRUE,FALSE,,FALSE,TRUE,FALSE,TRUE,FALSE,TRUE
357,Wells Fargo,70822Excess,TRUE,FALSE,FALSE,TRUE,TRUE,FALSE,,FALSE,TRUE,,,FALSE,TRUE,,,FALSE,TRUE,,,TRUE,FALSE,,FALSE,TRUE,FALSE,TRUE,FALSE,TRUE
359,,71099C,TRUE,FALSE,TRUE,FALSE,TRUE,FALSE,,FALSE,TRUE,,,TRUE,FALSE,,,TRUE,FALSE,,,TRUE,FALSE,,FALSE,TRUE,FALSE,TRUE,TRUE,FALSE
360,70867,71099Can,FALSE,TRUE,FALSE,TRUE,TRUE,FALSE,,FALSE,TRUE,,,TRUE,FALSE,,,TRUE,FALSE,,,TRUE,FALSE,,FALSE,TRUE,FALSE,TRUE,TRUE,FALSE
358,70867,71099E,TRUE,FALSE,TRUE,FALSE,TRUE,FALSE,,FALSE,TRUE,,,TRUE,FALSE,,,TRUE,FALSE,,,TRUE,FALSE,,FALSE,TRUE,FALSE,TRUE,TRUE,FALSE
361,70867,71099R Rev1,FALSE,TRUE,FALSE,TRUE,TRUE,FALSE,,FALSE,TRUE,,,TRUE,FALSE,,,TRUE,FALSE,,,TRUE,FALSE,,FALSE,TRUE,FALSE,TRUE,TRUE,FALSE
478,83488,71111,FALSE,TRUE,FALSE,TRUE,TRUE,FALSE,,FALSE,TRUE,,,FALSE,TRUE,,,FALSE,TRUE,,,TRUE,FALSE,,FALSE,TRUE,FALSE,TRUE,TRUE,FALSE
362,71267,71387,FALSE,TRUE,FALSE,TRUE,TRUE,FALSE,,FALSE,TRUE,,,TRUE,FALSE,,,TRUE,FALSE,,,TRUE,FALSE,,FALSE,TRUE,FALSE,TRUE,TRUE,FALSE
363,71575,71579,FALSE,TRUE,FALSE,TRUE,TRUE,FALSE,,FALSE,TRUE,,,TRUE,FALSE,,,TRUE,FALSE,,,TRUE,FALSE,,FALSE,TRUE,FALSE,TRUE,TRUE,FALSE
367,71575,71579Rev1,FALSE,TRUE,FALSE,TRUE,TRUE,FALSE,,FALSE,TRUE,,,TRUE,FALSE,,,TRUE,FALSE,,,TRUE,FALSE,,FALSE,TRUE,FALSE,TRUE,TRUE,FALSE
364,71265,71591,TRUE,FALSE,FALSE,TRUE,TRUE,FALSE,,FALSE,TRUE,,,FALSE,TRUE,,,FALSE,TRUE,,,TRUE,FALSE,,FALSE,TRUE,FALSE,TRUE,FALSE,TRUE
365,71265,71592,TRUE,FALSE,FALSE,TRUE,TRUE,FALSE,,FALSE,TRUE,,,FALSE,TRUE,,,FALSE,TRUE,,,TRUE,FALSE,,FALSE,TRUE,FALSE,TRUE,FALSE,TRUE
366,,71593,TRUE,FALSE,FALSE,TRUE,TRUE,FALSE,,FALSE,TRUE,,,FALSE,TRUE,,,FALSE,TRUE,,,TRUE,FALSE,,FALSE,TRUE,FALSE,TRUE,FALSE,TRUE
368,71445,71669,FALSE,TRUE,FALSE,TRUE,FALSE,TRUE,,FALSE,TRUE,,,TRUE,FALSE,,,TRUE,FALSE,,,TRUE,FALSE,,FALSE,TRUE,FALSE,TRUE,TRUE,FALSE
385,71445,71669Rev1,FALSE,TRUE,FALSE,TRUE,TRUE,FALSE,,FALSE,TRUE,,,FALSE,TRUE,,,FALSE,TRUE,,,TRUE,FALSE,,FALSE,TRUE,FALSE,TRUE,FALSE,TRUE
369,71830,71831,FALSE,TRUE,FALSE,TRUE,TRUE,FALSE,,FALSE,TRUE,,,TRUE,FALSE,,,FALSE,TRUE,,,TRUE,FALSE,,FALSE,TRUE,FALSE,TRUE,FALSE,TRUE
370,64226,72127,FALSE,TRUE,FALSE,TRUE,TRUE,FALSE,,FALSE,TRUE,,,TRUE,FALSE,,,TRUE,FALSE,,,TRUE,FALSE,,FALSE,TRUE,FALSE,TRUE,FALSE,TRUE
371,72152,72154,FALSE,TRUE,FALSE,TRUE,TRUE,FALSE,,FALSE,TRUE,,,FALSE,TRUE,,,FALSE,TRUE,,,TRUE,FALSE,,FALSE,TRUE,FALSE,TRUE,FALSE,TRUE
386,72152,72154Rev1,FALSE,TRUE,FALSE,TRUE,TRUE,FALSE,,FALSE,TRUE,,,FALSE,TRUE,,,FALSE,TRUE,,,TRUE,FALSE,,FALSE,TRUE,FALSE,TRUE,FALSE,TRUE
372,69717,72223,FALSE,TRUE,FALSE,TRUE,TRUE,FALSE,,FALSE,TRUE,,,TRUE,FALSE,,,TRUE,FALSE,,,TRUE,FALSE,,FALSE,TRUE,FALSE,TRUE,FALSE,TRUE
373,69717,72225,FALSE,TRUE,FALSE,TRUE,TRUE,FALSE,,FALSE,TRUE,,,TRUE,FALSE,,,TRUE,FALSE,,,TRUE,FALSE,,FALSE,TRUE,FALSE,TRUE,FALSE,TRUE
374,69717,72225l,FALSE,TRUE,FALSE,TRUE,TRUE,FALSE,,FALSE,TRUE,,,TRUE,FALSE,,,TRUE,FALSE,,,TRUE,FALSE,,FALSE,TRUE,FALSE,TRUE,FALSE,TRUE
375,69717,72226,FALSE,TRUE,FALSE,TRUE,TRUE,FALSE,,FALSE,TRUE,,,TRUE,FALSE,,,TRUE,FALSE,,,TRUE,FALSE,,FALSE,TRUE,FALSE,TRUE,FALSE,TRUE
377,72411,72416,FALSE,TRUE,FALSE,TRUE,FALSE,TRUE,,FALSE,TRUE,,,TRUE,FALSE,,,TRUE,FALSE,,,TRUE,FALSE,,FALSE,TRUE,FALSE,TRUE,FALSE,TRUE
379,72444,72471 RB,TRUE,FALSE,FALSE,TRUE,TRUE,FALSE,,FALSE,TRUE,,,TRUE,FALSE,,,TRUE,FALSE,,,TRUE,FALSE,,FALSE,TRUE,FALSE,TRUE,TRUE,FALSE
378,72444,72471 TD,TRUE,FALSE,FALSE,TRUE,TRUE,FALSE,,FALSE,TRUE,,,TRUE,FALSE,,,TRUE,FALSE,,,TRUE,FALSE,,FALSE,TRUE,FALSE,TRUE,TRUE,FALSE
380,72122,72533,TRUE,FALSE,FALSE,TRUE,TRUE,FALSE,,FALSE,TRUE,,,TRUE,FALSE,,,TRUE,FALSE,,,TRUE,FALSE,,FALSE,TRUE,FALSE,TRUE,TRUE,FALSE
381,72538,72550,FALSE,TRUE,FALSE,TRUE,TRUE,FALSE,,FALSE,TRUE,,,FALSE,TRUE,,,FALSE,TRUE,,,TRUE,FALSE,,FALSE,TRUE,FALSE,TRUE,TRUE,FALSE
382,72355,72575,FALSE,TRUE,FALSE,TRUE,TRUE,FALSE,,FALSE,TRUE,,,FALSE,TRUE,,,FALSE,TRUE,,,TRUE,FALSE,,FALSE,TRUE,FALSE,TRUE,FALSE,TRUE
383,72355,72575 Swift,FALSE,TRUE,FALSE,TRUE,TRUE,FALSE,,FALSE,TRUE,,,FALSE,TRUE,,,FALSE,TRUE,,,TRUE,FALSE,,FALSE,TRUE,FALSE,TRUE,FALSE,TRUE
384,72255,72611,FALSE,TRUE,FALSE,TRUE,FALSE,TRUE,,FALSE,TRUE,,,TRUE,FALSE,,,TRUE,FALSE,,,TRUE,FALSE,,FALSE,TRUE,FALSE,TRUE,FALSE,TRUE
388,72710,72845,FALSE,TRUE,FALSE,TRUE,TRUE,FALSE,,FALSE,TRUE,,,FALSE,TRUE,,,FALSE,TRUE,,,TRUE,FALSE,,FALSE,TRUE,FALSE,TRUE,FALSE,TRUE
476,82785,73012 Rev1,FALSE,TRUE,FALSE,TRUE,FALSE,TRUE,,FALSE,TRUE,,,TRUE,FALSE,,,TRUE,FALSE,,,TRUE,FALSE,,TRUE,FALSE,FALSE,TRUE,TRUE,FALSE
389,73042,73053,FALSE,TRUE,FALSE,TRUE,TRUE,FALSE,,FALSE,TRUE,,,FALSE,TRUE,,,FALSE,TRUE,,,TRUE,FALSE,,FALSE,TRUE,FALSE,TRUE,FALSE,TRUE
390,73074,73084,FALSE,TRUE,FALSE,TRUE,TRUE,FALSE,,FALSE,TRUE,,,FALSE,TRUE,,,FALSE,TRUE,,,TRUE,FALSE,,FALSE,TRUE,FALSE,TRUE,FALSE,TRUE
391,71654,73143,FALSE,TRUE,FALSE,TRUE,TRUE,FALSE,,FALSE,TRUE,,,TRUE,FALSE,,,TRUE,FALSE,,,TRUE,FALSE,,FALSE,TRUE,FALSE,TRUE,FALSE,TRUE
417,FBI,73216,FALSE,TRUE,FALSE,TRUE,TRUE,FALSE,,FALSE,TRUE,,,FALSE,TRUE,,,FALSE,TRUE,,,TRUE,FALSE,,FALSE,TRUE,FALSE,TRUE,FALSE,TRUE
392,73237,73249,FALSE,TRUE,FALSE,TRUE,TRUE,FALSE,,FALSE,TRUE,,,TRUE,FALSE,,,TRUE,FALSE,,,TRUE,FALSE,,FALSE,TRUE,FALSE,TRUE,FALSE,TRUE
394,71655,73540,TRUE,FALSE,FALSE,TRUE,TRUE,FALSE,,FALSE,TRUE,,,TRUE,FALSE,,,TRUE,FALSE,,,TRUE,FALSE,,FALSE,TRUE,FALSE,TRUE,FALSE,TRUE
401,71655,73540Rev1,FALSE,TRUE,FALSE,TRUE,TRUE,FALSE,,FALSE,TRUE,,,TRUE,FALSE,,,TRUE,FALSE,,,TRUE,FALSE,,FALSE,TRUE,FALSE,TRUE,FALSE,TRUE
396,73631,73649,TRUE,FALSE,FALSE,TRUE,TRUE,FALSE,,FALSE,TRUE,,,FALSE,TRUE,,,FALSE,TRUE,,,TRUE,FALSE,,FALSE,TRUE,FALSE,TRUE,FALSE,TRUE
397,73697,73712,TRUE,FALSE,FALSE,TRUE,TRUE,FALSE,,FALSE,TRUE,,,FALSE,TRUE,,,FALSE,TRUE,,,TRUE,FALSE,,FALSE,TRUE,FALSE,TRUE,TRUE,FALSE
398,74136,74137,FALSE,TRUE,FALSE,TRUE,TRUE,FALSE,,FALSE,TRUE,,,TRUE,FALSE,,,TRUE,FALSE,,,TRUE,FALSE,,FALSE,TRUE,FALSE,TRUE,TRUE,FALSE
399,74398,74399,TRUE,FALSE,FALSE,TRUE,TRUE,FALSE,,FALSE,TRUE,,,FALSE,TRUE,,,FALSE,TRUE,,,TRUE,FALSE,,FALSE,TRUE,FALSE,TRUE,FALSE,TRUE
400,72356,74617,FALSE,TRUE,FALSE,TRUE,TRUE,FALSE,,FALSE,TRUE,,,FALSE,TRUE,,,FALSE,TRUE,,,TRUE,FALSE,,FALSE,TRUE,FALSE,TRUE,FALSE,TRUE
402,74795,74795,FALSE,TRUE,FALSE,TRUE,TRUE,FALSE,,FALSE,TRUE,,,TRUE,FALSE,,,TRUE,FALSE,,,TRUE,FALSE,,FALSE,TRUE,FALSE,TRUE,TRUE,FALSE
403,PHS Adolescent opt 1,74841,FALSE,TRUE,FALSE,TRUE,FALSE,TRUE,,TRUE,FALSE,,,FALSE,TRUE,,,FALSE,TRUE,,,TRUE,FALSE,,FALSE,TRUE,FALSE,TRUE,FALSE,TRUE
404,74632,74841 Opt2,FALSE,TRUE,FALSE,TRUE,FALSE,TRUE,,TRUE,FALSE,,,FALSE,TRUE,,,FALSE,TRUE,,,TRUE,FALSE,,FALSE,TRUE,FALSE,TRUE,FALSE,TRUE
408,75312,75312 PM,TRUE,FALSE,FALSE,TRUE,FALSE,TRUE,,FALSE,TRUE,,,TRUE,FALSE,,,TRUE,FALSE,,,TRUE,FALSE,,FALSE,TRUE,FALSE,TRUE,FALSE,TRUE
409,70868,75410,FALSE,TRUE,FALSE,TRUE,FALSE,TRUE,,FALSE,TRUE,,,TRUE,FALSE,,,TRUE,FALSE,,,TRUE,FALSE,,FALSE,TRUE,FALSE,TRUE,TRUE,FALSE
410,75485,75559,FALSE,TRUE,FALSE,TRUE,TRUE,FALSE,,FALSE,TRUE,,,TRUE,FALSE,,,TRUE,FALSE,,,TRUE,FALSE,,FALSE,TRUE,FALSE,TRUE,TRUE,FALSE
413,69660,75559Rev1,TRUE,FALSE,FALSE,TRUE,TRUE,FALSE,,FALSE,TRUE,,,TRUE,FALSE,,,TRUE,FALSE,,,TRUE,FALSE,,FALSE,TRUE,FALSE,TRUE,TRUE,FALSE
411,75669,75697,FALSE,TRUE,FALSE,TRUE,TRUE,FALSE,,FALSE,TRUE,,,TRUE,FALSE,,,TRUE,FALSE,,,TRUE,FALSE,,FALSE,TRUE,FALSE,TRUE,TRUE,FALSE
412,75784,75821,TRUE,FALSE,FALSE,TRUE,TRUE,FALSE,,FALSE,TRUE,,,TRUE,FALSE,,,TRUE,FALSE,,,TRUE,FALSE,,FALSE,TRUE,FALSE,TRUE,FALSE,TRUE
414,74632,75847,TRUE,FALSE,FALSE,TRUE,TRUE,FALSE,,FALSE,TRUE,,,TRUE,FALSE,,,TRUE,FALSE,,,TRUE,FALSE,,FALSE,TRUE,FALSE,TRUE,TRUE,FALSE
415,76001,76015,TRUE,FALSE,FALSE,TRUE,TRUE,FALSE,,FALSE,TRUE,,,TRUE,FALSE,,,TRUE,FALSE,,,TRUE,FALSE,,FALSE,TRUE,FALSE,TRUE,FALSE,TRUE
416,75819,76130,FALSE,TRUE,FALSE,TRUE,TRUE,FALSE,,FALSE,TRUE,,,TRUE,FALSE,,,TRUE,FALSE,,,TRUE,FALSE,,FALSE,TRUE,FALSE,TRUE,FALSE,TRUE
418,FBI,76216 Ancillary,FALSE,TRUE,FALSE,TRUE,TRUE,FALSE,,FALSE,TRUE,,,FALSE,TRUE,,,FALSE,TRUE,,,TRUE,FALSE,,FALSE,TRUE,FALSE,TRUE,FALSE,TRUE
419,73402,76231,FALSE,TRUE,FALSE,TRUE,FALSE,TRUE,,FALSE,TRUE,,,TRUE,FALSE,,,TRUE,FALSE,,,TRUE,FALSE,,FALSE,TRUE,FALSE,TRUE,TRUE,FALSE
420,76510,76511,FALSE,TRUE,FALSE,TRUE,TRUE,FALSE,,FALSE,TRUE,,,TRUE,FALSE,,,TRUE,FALSE,,,TRUE,FALSE,,FALSE,TRUE,FALSE,TRUE,FALSE,TRUE
421,76564,76588,FALSE,TRUE,FALSE,TRUE,TRUE,FALSE,,FALSE,TRUE,,,TRUE,FALSE,,,TRUE,FALSE,,,TRUE,FALSE,,FALSE,TRUE,FALSE,TRUE,FALSE,TRUE
422,76616,76617,TRUE,FALSE,FALSE,TRUE,TRUE,FALSE,,FALSE,TRUE,,,TRUE,FALSE,,,TRUE,FALSE,,,TRUE,FALSE,,FALSE,TRUE,FALSE,TRUE,TRUE,FALSE
423,76878,76904,TRUE,FALSE,FALSE,TRUE,TRUE,FALSE,,FALSE,TRUE,,,TRUE,FALSE,,,TRUE,FALSE,,,TRUE,FALSE,,FALSE,TRUE,FALSE,TRUE,TRUE,FALSE
424,77171,77174,TRUE,FALSE,FALSE,TRUE,TRUE,FALSE,,FALSE,TRUE,,,TRUE,FALSE,,,TRUE,FALSE,,,TRUE,FALSE,,FALSE,TRUE,FALSE,TRUE,FALSE,TRUE
425,77172,77175,TRUE,FALSE,FALSE,TRUE,TRUE,FALSE,,FALSE,TRUE,,,TRUE,FALSE,,,TRUE,FALSE,,,TRUE,FALSE,,FALSE,TRUE,FALSE,TRUE,FALSE,TRUE
393,73399,773461,FALSE,TRUE,FALSE,TRUE,FALSE,TRUE,,FALSE,TRUE,,,TRUE,FALSE,,,TRUE,FALSE,,,TRUE,FALSE,,FALSE,TRUE,FALSE,TRUE,FALSE,TRUE
426,77192,78071,TRUE,FALSE,FALSE,TRUE,TRUE,FALSE,,FALSE,TRUE,,,TRUE,FALSE,,,TRUE,FALSE,,,TRUE,FALSE,,FALSE,TRUE,FALSE,TRUE,FALSE,TRUE
427,77192,78073,TRUE,FALSE,FALSE,TRUE,TRUE,FALSE,,FALSE,TRUE,,,TRUE,FALSE,,,TRUE,FALSE,,,TRUE,FALSE,,FALSE,TRUE,FALSE,TRUE,FALSE,TRUE
387,72766,78204,FALSE,TRUE,FALSE,TRUE,TRUE,FALSE,,FALSE,TRUE,,,FALSE,TRUE,,,FALSE,TRUE,,,TRUE,FALSE,,FALSE,TRUE,FALSE,TRUE,FALSE,TRUE
428,76877,78481,TRUE,FALSE,FALSE,TRUE,TRUE,FALSE,,FALSE,TRUE,,,TRUE,FALSE,,,TRUE,FALSE,,,TRUE,FALSE,,FALSE,TRUE,FALSE,TRUE,FALSE,TRUE
469,78401,78579 Rev1,FALSE,TRUE,FALSE,TRUE,TRUE,FALSE,,FALSE,TRUE,,,FALSE,TRUE,,,FALSE,TRUE,,,TRUE,FALSE,,FALSE,TRUE,FALSE,TRUE,FALSE,TRUE
433,77634,78657 2nd fl Mod,TRUE,FALSE,FALSE,TRUE,TRUE,FALSE,,FALSE,TRUE,,,TRUE,FALSE,,,TRUE,FALSE,,,TRUE,FALSE,,FALSE,TRUE,FALSE,TRUE,TRUE,FALSE
435,77634,78657 Conference,TRUE,FALSE,FALSE,TRUE,TRUE,FALSE,,FALSE,TRUE,,,TRUE,FALSE,,,TRUE,FALSE,,,TRUE,FALSE,,FALSE,TRUE,FALSE,TRUE,TRUE,FALSE
432,77634,78657 fl1 mod,TRUE,FALSE,FALSE,TRUE,TRUE,FALSE,,FALSE,TRUE,,,TRUE,FALSE,,,TRUE,FALSE,,,TRUE,FALSE,,FALSE,TRUE,FALSE,TRUE,TRUE,FALSE
437,77634,78657 Mayline,TRUE,FALSE,FALSE,TRUE,TRUE,FALSE,,FALSE,TRUE,,,TRUE,FALSE,,,TRUE,FALSE,,,TRUE,FALSE,,FALSE,TRUE,FALSE,TRUE,TRUE,FALSE
436,77634,78657 Other,TRUE,FALSE,FALSE,TRUE,TRUE,FALSE,,FALSE,TRUE,,,TRUE,FALSE,,,TRUE,FALSE,,,TRUE,FALSE,,FALSE,TRUE,FALSE,TRUE,TRUE,FALSE
434,77634,78657 Training,TRUE,FALSE,FALSE,TRUE,TRUE,FALSE,,FALSE,TRUE,,,TRUE,FALSE,,,TRUE,FALSE,,,TRUE,FALSE,,FALSE,TRUE,FALSE,TRUE,TRUE,FALSE
430,77634,78663,TRUE,FALSE,FALSE,TRUE,TRUE,FALSE,,FALSE,TRUE,,,TRUE,FALSE,,,TRUE,FALSE,,,TRUE,FALSE,,FALSE,TRUE,FALSE,TRUE,TRUE,FALSE
431,76374,78663 1st floor,TRUE,FALSE,FALSE,TRUE,TRUE,FALSE,,FALSE,TRUE,,,TRUE,FALSE,,,TRUE,FALSE,,,TRUE,FALSE,,FALSE,TRUE,FALSE,TRUE,TRUE,FALSE
440,78919,78943,FALSE,TRUE,FALSE,TRUE,TRUE,FALSE,,FALSE,TRUE,,,TRUE,FALSE,,,TRUE,FALSE,,,TRUE,FALSE,,FALSE,TRUE,FALSE,TRUE,TRUE,FALSE
441,79588,79591,FALSE,TRUE,FALSE,TRUE,TRUE,FALSE,,FALSE,TRUE,,,TRUE,FALSE,,,TRUE,FALSE,,,TRUE,FALSE,,FALSE,TRUE,FALSE,TRUE,TRUE,FALSE
442,79590,79617,FALSE,TRUE,FALSE,TRUE,TRUE,FALSE,,FALSE,TRUE,,,TRUE,FALSE,,,TRUE,FALSE,,,TRUE,FALSE,,FALSE,TRUE,FALSE,TRUE,TRUE,FALSE
443,79588,79715,FALSE,TRUE,FALSE,TRUE,TRUE,FALSE,,FALSE,TRUE,,,TRUE,FALSE,,,TRUE,FALSE,,,TRUE,FALSE,,FALSE,TRUE,FALSE,TRUE,TRUE,FALSE
444,79593,79763,FALSE,TRUE,FALSE,TRUE,TRUE,FALSE,,FALSE,TRUE,,,FALSE,TRUE,,,FALSE,TRUE,,,TRUE,FALSE,,FALSE,TRUE,FALSE,TRUE,FALSE,TRUE
445,79761,79765,FALSE,TRUE,FALSE,TRUE,TRUE,FALSE,,FALSE,TRUE,,,FALSE,TRUE,,,FALSE,TRUE,,,TRUE,FALSE,,FALSE,TRUE,FALSE,TRUE,FALSE,TRUE
446,79847,79876,FALSE,TRUE,FALSE,TRUE,TRUE,FALSE,,FALSE,TRUE,,,TRUE,FALSE,,,TRUE,FALSE,,,TRUE,FALSE,,FALSE,TRUE,FALSE,TRUE,TRUE,FALSE
451,79947,79947,FALSE,TRUE,FALSE,TRUE,TRUE,FALSE,,FALSE,TRUE,,,TRUE,FALSE,,,TRUE,FALSE,,,TRUE,FALSE,,FALSE,TRUE,FALSE,TRUE,TRUE,FALSE
452,79947,79947part 2,FALSE,TRUE,FALSE,TRUE,TRUE,FALSE,,FALSE,TRUE,,,TRUE,FALSE,,,TRUE,FALSE,,,TRUE,FALSE,,FALSE,TRUE,FALSE,TRUE,TRUE,FALSE
493,79948,79999 A,FALSE,TRUE,FALSE,TRUE,TRUE,FALSE,,FALSE,TRUE,,,TRUE,FALSE,,,TRUE,FALSE,,,TRUE,FALSE,,FALSE,TRUE,FALSE,TRUE,FALSE,TRUE
494,79948,79999 B,FALSE,TRUE,FALSE,TRUE,TRUE,FALSE,,FALSE,TRUE,,,TRUE,FALSE,,,TRUE,FALSE,,,TRUE,FALSE,,FALSE,TRUE,FALSE,TRUE,FALSE,TRUE
495,79948,79999 D,FALSE,TRUE,FALSE,TRUE,TRUE,FALSE,,FALSE,TRUE,,,TRUE,FALSE,,,TRUE,FALSE,,,TRUE,FALSE,,FALSE,TRUE,FALSE,TRUE,FALSE,TRUE
492,79948,79999Rev1,FALSE,TRUE,FALSE,TRUE,TRUE,FALSE,,FALSE,TRUE,,,TRUE,FALSE,,,TRUE,FALSE,,,TRUE,FALSE,,FALSE,TRUE,FALSE,TRUE,FALSE,TRUE
448,80251,80270,FALSE,TRUE,FALSE,TRUE,TRUE,FALSE,,FALSE,TRUE,,,FALSE,TRUE,,,FALSE,TRUE,,,TRUE,FALSE,,FALSE,TRUE,FALSE,TRUE,FALSE,TRUE
449,80315,80320,FALSE,TRUE,FALSE,TRUE,FALSE,TRUE,,FALSE,TRUE,,,TRUE,FALSE,,,TRUE,FALSE,,,TRUE,FALSE,,FALSE,TRUE,FALSE,TRUE,TRUE,FALSE
450,79592,80337,TRUE,FALSE,FALSE,TRUE,TRUE,FALSE,,FALSE,TRUE,,,FALSE,TRUE,,,FALSE,TRUE,,,TRUE,FALSE,,FALSE,TRUE,FALSE,TRUE,TRUE,FALSE
453,79593,80459,FALSE,TRUE,FALSE,TRUE,TRUE,FALSE,,FALSE,TRUE,,,TRUE,FALSE,,,TRUE,FALSE,,,TRUE,FALSE,,FALSE,TRUE,FALSE,TRUE,FALSE,TRUE
455,80397,80715,FALSE,TRUE,FALSE,TRUE,TRUE,FALSE,,FALSE,TRUE,,,FALSE,TRUE,,,FALSE,TRUE,,,TRUE,FALSE,,FALSE,TRUE,FALSE,TRUE,FALSE,TRUE
456,79593,80717,FALSE,TRUE,FALSE,TRUE,TRUE,FALSE,,FALSE,TRUE,,,FALSE,TRUE,,,FALSE,TRUE,,,TRUE,FALSE,,FALSE,TRUE,FALSE,TRUE,FALSE,TRUE
477,79761,80717Rev1,TRUE,FALSE,FALSE,TRUE,TRUE,FALSE,,FALSE,TRUE,,,TRUE,FALSE,,,TRUE,FALSE,,,TRUE,FALSE,,FALSE,TRUE,FALSE,TRUE,TRUE,FALSE
457,79593,80719,FALSE,TRUE,FALSE,TRUE,TRUE,FALSE,,FALSE,TRUE,,,FALSE,TRUE,,,FALSE,TRUE,,,TRUE,FALSE,,FALSE,TRUE,FALSE,TRUE,FALSE,TRUE
458,79593,80721,FALSE,TRUE,FALSE,TRUE,TRUE,FALSE,,FALSE,TRUE,,,FALSE,TRUE,,,FALSE,TRUE,,,TRUE,FALSE,,FALSE,TRUE,FALSE,TRUE,FALSE,TRUE
459,78265,81013,FALSE,TRUE,FALSE,TRUE,TRUE,FALSE,,TRUE,FALSE,,,TRUE,FALSE,,,TRUE,FALSE,,,TRUE,FALSE,,FALSE,TRUE,FALSE,TRUE,TRUE,FALSE
463,81321,81477,FALSE,TRUE,FALSE,TRUE,TRUE,FALSE,,FALSE,TRUE,,,FALSE,TRUE,,,FALSE,TRUE,,,TRUE,FALSE,,FALSE,TRUE,FALSE,TRUE,FALSE,TRUE
464,81201,81479,FALSE,TRUE,FALSE,TRUE,TRUE,FALSE,,FALSE,TRUE,,,TRUE,FALSE,,,TRUE,FALSE,,,TRUE,FALSE,,FALSE,TRUE,FALSE,TRUE,FALSE,TRUE
466,81590,81590-PM,TRUE,FALSE,FALSE,TRUE,TRUE,FALSE,,FALSE,TRUE,,,FALSE,TRUE,,,FALSE,TRUE,,,TRUE,FALSE,,FALSE,TRUE,FALSE,TRUE,FALSE,TRUE
467,81823,81871,TRUE,FALSE,FALSE,TRUE,TRUE,FALSE,,FALSE,TRUE,,,TRUE,FALSE,,,TRUE,FALSE,,,TRUE,FALSE,,FALSE,TRUE,FALSE,TRUE,FALSE,TRUE
468,81886,81948,FALSE,TRUE,FALSE,TRUE,TRUE,FALSE,,FALSE,TRUE,,,TRUE,FALSE,,,TRUE,FALSE,,,TRUE,FALSE,,FALSE,TRUE,FALSE,TRUE,TRUE,FALSE
470,81885,81986,FALSE,TRUE,FALSE,TRUE,TRUE,FALSE,,FALSE,TRUE,,,TRUE,FALSE,,,TRUE,FALSE,,,TRUE,FALSE,,FALSE,TRUE,FALSE,TRUE,FALSE,TRUE
471,82016,82024,FALSE,TRUE,FALSE,TRUE,TRUE,FALSE,,FALSE,TRUE,,,FALSE,TRUE,,,FALSE,TRUE,,,TRUE,FALSE,,FALSE,TRUE,FALSE,TRUE,FALSE,TRUE
472,81823,82185,FALSE,TRUE,FALSE,TRUE,TRUE,FALSE,,FALSE,TRUE,,,FALSE,TRUE,,,FALSE,TRUE,,,TRUE,FALSE,,FALSE,TRUE,FALSE,TRUE,FALSE,TRUE
473,81823,82185Rev1,TRUE,FALSE,FALSE,TRUE,TRUE,FALSE,,FALSE,TRUE,,,FALSE,TRUE,,,FALSE,TRUE,,,TRUE,FALSE,,FALSE,TRUE,FALSE,TRUE,FALSE,TRUE
474,82229,82326,TRUE,FALSE,FALSE,TRUE,TRUE,FALSE,,FALSE,TRUE,,,FALSE,TRUE,,,FALSE,TRUE,,,TRUE,FALSE,,FALSE,TRUE,FALSE,TRUE,FALSE,TRUE
475,82875,83012,FALSE,TRUE,FALSE,TRUE,TRUE,FALSE,,TRUE,FALSE,,,TRUE,FALSE,,,TRUE,FALSE,,,TRUE,FALSE,,FALSE,TRUE,FALSE,TRUE,TRUE,FALSE
480,83548,83548,FALSE,TRUE,FALSE,TRUE,TRUE,FALSE,,FALSE,TRUE,,,FALSE,TRUE,,,FALSE,TRUE,,,TRUE,FALSE,,FALSE,TRUE,FALSE,TRUE,TRUE,FALSE
482,83799,83781,TRUE,FALSE,FALSE,TRUE,TRUE,FALSE,,FALSE,TRUE,,,TRUE,FALSE,,,TRUE,FALSE,,,TRUE,FALSE,,FALSE,TRUE,FALSE,TRUE,FALSE,TRUE
485,83781,83791,FALSE,TRUE,FALSE,TRUE,TRUE,FALSE,,FALSE,TRUE,,,TRUE,FALSE,,,TRUE,FALSE,,,TRUE,FALSE,,FALSE,TRUE,FALSE,TRUE,FALSE,TRUE
483,83932,83878,FALSE,TRUE,FALSE,TRUE,TRUE,FALSE,,FALSE,TRUE,,,FALSE,TRUE,,,FALSE,TRUE,,,TRUE,FALSE,,FALSE,TRUE,FALSE,TRUE,FALSE,TRUE
486,84076,84114,FALSE,TRUE,FALSE,TRUE,FALSE,TRUE,,TRUE,FALSE,,,FALSE,TRUE,,,FALSE,TRUE,,,TRUE,FALSE,,FALSE,TRUE,FALSE,TRUE,FALSE,TRUE
487,84450,84519,TRUE,FALSE,FALSE,TRUE,TRUE,FALSE,,FALSE,TRUE,,,FALSE,TRUE,,,FALSE,TRUE,,,TRUE,FALSE,,FALSE,TRUE,FALSE,TRUE,FALSE,TRUE
488,84611,84613,TRUE,FALSE,FALSE,TRUE,TRUE,FALSE,,FALSE,TRUE,,,TRUE,FALSE,,,TRUE,FALSE,,,TRUE,FALSE,,FALSE,TRUE,FALSE,TRUE,FALSE,TRUE
489,84613,84613Rev1,FALSE,TRUE,FALSE,TRUE,TRUE,FALSE,,FALSE,TRUE,,,TRUE,FALSE,,,TRUE,FALSE,,,TRUE,FALSE,,FALSE,TRUE,FALSE,TRUE,FALSE,TRUE
490,84701,84823,FALSE,TRUE,FALSE,TRUE,TRUE,FALSE,,FALSE,TRUE,,,TRUE,FALSE,,,TRUE,FALSE,,,TRUE,FALSE,,FALSE,TRUE,FALSE,TRUE,FALSE,TRUE
491,84376,84895,FALSE,TRUE,FALSE,TRUE,TRUE,FALSE,,FALSE,TRUE,,,FALSE,TRUE,,,FALSE,TRUE,,,TRUE,FALSE,,FALSE,TRUE,FALSE,TRUE,FALSE,TRUE
497,84663,85306 S,FALSE,TRUE,FALSE,TRUE,TRUE,FALSE,,FALSE,TRUE,,,FALSE,TRUE,,,FALSE,TRUE,,,TRUE,FALSE,,FALSE,TRUE,FALSE,TRUE,FALSE,TRUE
498,,85306 T,FALSE,TRUE,FALSE,TRUE,TRUE,FALSE,,FALSE,TRUE,,,FALSE,TRUE,,,FALSE,TRUE,,,TRUE,FALSE,,FALSE,TRUE,FALSE,TRUE,FALSE,TRUE
499,85306,85306 WS,FALSE,TRUE,FALSE,TRUE,TRUE,FALSE,,TRUE,FALSE,,,FALSE,TRUE,,,FALSE,TRUE,,,TRUE,FALSE,,FALSE,TRUE,FALSE,TRUE,FALSE,TRUE
503,85339,85364 108,FALSE,TRUE,FALSE,TRUE,TRUE,FALSE,,FALSE,TRUE,,,TRUE,FALSE,,,TRUE,FALSE,,,TRUE,FALSE,,FALSE,TRUE,FALSE,TRUE,FALSE,TRUE
504,85339,85364 206,FALSE,TRUE,FALSE,TRUE,TRUE,FALSE,,FALSE,TRUE,,,TRUE,FALSE,,,TRUE,FALSE,,,TRUE,FALSE,,FALSE,TRUE,FALSE,TRUE,FALSE,TRUE
507,85339,85364 Rev1,FALSE,TRUE,FALSE,TRUE,TRUE,FALSE,,FALSE,TRUE,,,TRUE,FALSE,,,TRUE,FALSE,,,TRUE,FALSE,,FALSE,TRUE,FALSE,TRUE,FALSE,TRUE
506,85372,85500 2nd flr,FALSE,TRUE,FALSE,TRUE,TRUE,FALSE,,FALSE,TRUE,,,TRUE,FALSE,,,TRUE,FALSE,,,TRUE,FALSE,,FALSE,TRUE,FALSE,TRUE,FALSE,TRUE
505,85372,85500 flr1,FALSE,TRUE,FALSE,TRUE,TRUE,FALSE,,FALSE,TRUE,,,TRUE,FALSE,,,TRUE,FALSE,,,TRUE,FALSE,,FALSE,TRUE,FALSE,TRUE,FALSE,TRUE
519,91741,86053,FALSE,TRUE,FALSE,TRUE,TRUE,FALSE,,FALSE,TRUE,,,FALSE,TRUE,,,FALSE,TRUE,,,TRUE,FALSE,,FALSE,TRUE,FALSE,TRUE,FALSE,TRUE
552,87696,88185,FALSE,TRUE,FALSE,TRUE,TRUE,FALSE,,FALSE,TRUE,,,FALSE,TRUE,,,FALSE,TRUE,,,TRUE,FALSE,,FALSE,TRUE,FALSE,TRUE,FALSE,TRUE
514,90165,90064 Rev1 Pahse II change,TRUE,FALSE,FALSE,TRUE,TRUE,FALSE,,FALSE,TRUE,,,FALSE,TRUE,,,FALSE,TRUE,,,TRUE,FALSE,,FALSE,TRUE,FALSE,TRUE,FALSE,TRUE
510,89441,91195,FALSE,TRUE,FALSE,TRUE,TRUE,FALSE,,TRUE,FALSE,,,FALSE,TRUE,,,FALSE,TRUE,,,TRUE,FALSE,,FALSE,TRUE,FALSE,TRUE,TRUE,FALSE
511,89196,91195H,FALSE,TRUE,FALSE,TRUE,TRUE,FALSE,,TRUE,FALSE,,,FALSE,TRUE,,,FALSE,TRUE,,,TRUE,FALSE,,FALSE,TRUE,FALSE,TRUE,TRUE,FALSE
512,91186,91197,FALSE,TRUE,FALSE,TRUE,TRUE,FALSE,,TRUE,FALSE,,,TRUE,FALSE,,,TRUE,FALSE,,,TRUE,FALSE,,FALSE,TRUE,FALSE,TRUE,FALSE,TRUE
513,91340,91351,TRUE,FALSE,FALSE,TRUE,TRUE,FALSE,,FALSE,TRUE,,,FALSE,TRUE,,,FALSE,TRUE,,,TRUE,FALSE,,FALSE,TRUE,FALSE,TRUE,FALSE,TRUE
515,ANTHC 41 Stations,91394,FALSE,TRUE,FALSE,TRUE,TRUE,FALSE,,TRUE,FALSE,,,TRUE,FALSE,,,TRUE,FALSE,,,TRUE,FALSE,,FALSE,TRUE,FALSE,TRUE,FALSE,TRUE
516,ANTHC 41 Stations,91394 Rev 1 30 stations,FALSE,TRUE,FALSE,TRUE,TRUE,FALSE,,TRUE,FALSE,,,FALSE,TRUE,,,FALSE,TRUE,,,TRUE,FALSE,,FALSE,TRUE,FALSE,TRUE,FALSE,TRUE
517,91500,91524,TRUE,FALSE,FALSE,TRUE,TRUE,FALSE,,FALSE,TRUE,,,FALSE,TRUE,,,FALSE,TRUE,,,TRUE,FALSE,,FALSE,TRUE,FALSE,TRUE,TRUE,FALSE
518,91589,91594,FALSE,TRUE,FALSE,TRUE,TRUE,FALSE,,FALSE,TRUE,,,FALSE,TRUE,,,FALSE,TRUE,,,TRUE,FALSE,,FALSE,TRUE,FALSE,TRUE,TRUE,FALSE
521,91353,91938 Ideon,FALSE,TRUE,FALSE,TRUE,TRUE,FALSE,,FALSE,TRUE,,,TRUE,FALSE,,,TRUE,FALSE,,,TRUE,FALSE,,FALSE,TRUE,FALSE,TRUE,FALSE,TRUE
520,91353,91938 Main,FALSE,TRUE,FALSE,TRUE,TRUE,FALSE,,FALSE,TRUE,,,TRUE,FALSE,,,TRUE,FALSE,,,TRUE,FALSE,,FALSE,TRUE,FALSE,TRUE,FALSE,TRUE
522,91958,91963,FALSE,TRUE,FALSE,TRUE,TRUE,FALSE,,FALSE,TRUE,,,TRUE,FALSE,,,TRUE,FALSE,,,TRUE,FALSE,,FALSE,TRUE,FALSE,TRUE,FALSE,TRUE
523,91195,92015,FALSE,TRUE,FALSE,TRUE,TRUE,FALSE,,FALSE,TRUE,,,FALSE,TRUE,,,FALSE,TRUE,,,TRUE,FALSE,,FALSE,TRUE,FALSE,TRUE,FALSE,TRUE
524,91195,92016,FALSE,TRUE,FALSE,TRUE,TRUE,FALSE,,FALSE,TRUE,,,FALSE,TRUE,,,FALSE,TRUE,,,TRUE,FALSE,,FALSE,TRUE,FALSE,TRUE,FALSE,TRUE
525,91195,92020,FALSE,TRUE,FALSE,TRUE,TRUE,FALSE,,FALSE,TRUE,,,FALSE,TRUE,,,FALSE,TRUE,,,TRUE,FALSE,,FALSE,TRUE,FALSE,TRUE,TRUE,FALSE
526,91183,92027,FALSE,TRUE,FALSE,TRUE,TRUE,FALSE,,FALSE,TRUE,,,FALSE,TRUE,,,FALSE,TRUE,,,TRUE,FALSE,,FALSE,TRUE,FALSE,TRUE,TRUE,FALSE
527,92010,92028,FALSE,TRUE,FALSE,TRUE,TRUE,FALSE,,FALSE,TRUE,,,FALSE,TRUE,,,FALSE,TRUE,,,TRUE,FALSE,,FALSE,TRUE,FALSE,TRUE,TRUE,FALSE
528,92011,92031,FALSE,TRUE,FALSE,TRUE,TRUE,FALSE,,FALSE,TRUE,,,FALSE,TRUE,,,FALSE,TRUE,,,TRUE,FALSE,,FALSE,TRUE,FALSE,TRUE,TRUE,FALSE
529,91995,92070 1st floor,FALSE,TRUE,FALSE,TRUE,TRUE,FALSE,,FALSE,TRUE,,,FALSE,TRUE,,,FALSE,TRUE,,,TRUE,FALSE,,FALSE,TRUE,FALSE,TRUE,FALSE,TRUE
530,,92070 2nd Floor,FALSE,TRUE,FALSE,TRUE,TRUE,FALSE,,FALSE,TRUE,,,FALSE,TRUE,,,FALSE,TRUE,,,TRUE,FALSE,,FALSE,TRUE,FALSE,TRUE,FALSE,TRUE
531,92011,92093,FALSE,TRUE,FALSE,TRUE,TRUE,FALSE,,FALSE,TRUE,,,FALSE,TRUE,,,FALSE,TRUE,,,TRUE,FALSE,,FALSE,TRUE,FALSE,TRUE,FALSE,TRUE
532,92074,92232 Part One,FALSE,TRUE,FALSE,TRUE,TRUE,FALSE,,FALSE,TRUE,,,FALSE,TRUE,,,FALSE,TRUE,,,TRUE,FALSE,,FALSE,TRUE,FALSE,TRUE,TRUE,FALSE
533,92074,92232 USCG Bid part 2,FALSE,TRUE,FALSE,TRUE,TRUE,FALSE,,FALSE,TRUE,,,FALSE,TRUE,,,FALSE,TRUE,,,TRUE,FALSE,,FALSE,TRUE,FALSE,TRUE,TRUE,FALSE
534,86745,92273 1st floor,FALSE,TRUE,FALSE,TRUE,TRUE,FALSE,,FALSE,TRUE,,,FALSE,TRUE,,,FALSE,TRUE,,,TRUE,FALSE,,FALSE,TRUE,FALSE,TRUE,FALSE,TRUE
536,76475,92273 1st floor exsisting,FALSE,TRUE,FALSE,TRUE,TRUE,FALSE,,FALSE,TRUE,,,FALSE,TRUE,,,FALSE,TRUE,,,TRUE,FALSE,,FALSE,TRUE,FALSE,TRUE,FALSE,TRUE
535,86457,92273 2nd floor,FALSE,TRUE,FALSE,TRUE,TRUE,FALSE,,FALSE,TRUE,,,FALSE,TRUE,,,FALSE,TRUE,,,TRUE,FALSE,,FALSE,TRUE,FALSE,TRUE,FALSE,TRUE
537,86475,92273 2nd floor exsisting,FALSE,TRUE,FALSE,TRUE,TRUE,FALSE,,FALSE,TRUE,,,FALSE,TRUE,,,FALSE,TRUE,,,TRUE,FALSE,,FALSE,TRUE,FALSE,TRUE,FALSE,TRUE
538,92074,92307 Ancillary,FALSE,TRUE,FALSE,TRUE,TRUE,FALSE,,FALSE,TRUE,,,TRUE,FALSE,,,TRUE,FALSE,,,TRUE,FALSE,,FALSE,TRUE,FALSE,TRUE,FALSE,TRUE
539,92163,92341,FALSE,TRUE,FALSE,TRUE,TRUE,FALSE,,FALSE,TRUE,,,FALSE,TRUE,,,FALSE,TRUE,,,TRUE,FALSE,,FALSE,TRUE,FALSE,TRUE,TRUE,FALSE
540,92339,92342,FALSE,TRUE,FALSE,TRUE,TRUE,FALSE,,FALSE,TRUE,,,FALSE,TRUE,,,FALSE,TRUE,,,TRUE,FALSE,,FALSE,TRUE,FALSE,TRUE,TRUE,FALSE
541,91995,92373,FALSE,TRUE,FALSE,TRUE,TRUE,FALSE,,TRUE,FALSE,,,TRUE,FALSE,,,TRUE,FALSE,,,TRUE,FALSE,,FALSE,TRUE,FALSE,TRUE,FALSE,TRUE
542,92369,92378,FALSE,TRUE,FALSE,TRUE,TRUE,FALSE,,TRUE,FALSE,,,TRUE,FALSE,,,TRUE,FALSE,,,TRUE,FALSE,,FALSE,TRUE,FALSE,TRUE,FALSE,TRUE
543,92630,92654,FALSE,TRUE,FALSE,TRUE,TRUE,FALSE,,FALSE,TRUE,,,TRUE,FALSE,,,TRUE,FALSE,,,TRUE,FALSE,,FALSE,TRUE,FALSE,TRUE,FALSE,TRUE
544,92456,92796,FALSE,TRUE,FALSE,TRUE,TRUE,FALSE,,FALSE,TRUE,,,FALSE,TRUE,,,FALSE,TRUE,,,TRUE,FALSE,,FALSE,TRUE,FALSE,TRUE,TRUE,FALSE
546,92751,92942,TRUE,FALSE,FALSE,TRUE,TRUE,FALSE,,FALSE,TRUE,,,FALSE,TRUE,,,FALSE,TRUE,,,TRUE,FALSE,,FALSE,TRUE,FALSE,TRUE,FALSE,TRUE
547,Wrangel,92977,FALSE,TRUE,FALSE,TRUE,TRUE,FALSE,,FALSE,TRUE,,,FALSE,TRUE,,,FALSE,TRUE,,,TRUE,FALSE,,FALSE,TRUE,FALSE,TRUE,FALSE,TRUE
551,93905,93942,FALSE,TRUE,FALSE,TRUE,TRUE,FALSE,,FALSE,TRUE,,,FALSE,TRUE,,,FALSE,TRUE,,,TRUE,FALSE,,FALSE,TRUE,FALSE,TRUE,TRUE,FALSE
554,94262,94262-SW_Approv,TRUE,FALSE,TRUE,FALSE,FALSE,TRUE,,FALSE,TRUE,,,FALSE,TRUE,,,FALSE,TRUE,,,TRUE,FALSE,,FALSE,TRUE,FALSE,TRUE,TRUE,FALSE
496,99999,99999,FALSE,TRUE,FALSE,TRUE,TRUE,FALSE,,FALSE,TRUE,,,TRUE,FALSE,,,TRUE,FALSE,,,TRUE,FALSE,,FALSE,TRUE,FALSE,TRUE,FALSE,TRUE
553,99999,999999,FALSE,TRUE,FALSE,TRUE,TRUE,FALSE,,FALSE,TRUE,,,FALSE,TRUE,,,FALSE,TRUE,,,TRUE,FALSE,,FALSE,TRUE,FALSE,TRUE,FALSE,TRUE
509,85689,99999rev1,FALSE,TRUE,FALSE,TRUE,TRUE,FALSE,,FALSE,TRUE,,,FALSE,TRUE,,,FALSE,TRUE,,,TRUE,FALSE,,FALSE,TRUE,FALSE,TRUE,FALSE,TRUE
562,VA Fairbanks Add-on,Add-on 070822,TRUE,FALSE,FALSE,TRUE,FALSE,TRUE,,TRUE,FALSE,,,FALSE,TRUE,,,FALSE,TRUE,,,TRUE,FALSE,,FALSE,TRUE,FALSE,TRUE,FALSE,TRUE
584,2638042,ANC_MEPS_5,TRUE,FALSE,TRUE,FALSE,TRUE,FALSE,,TRUE,FALSE,,,FALSE,TRUE,,,FALSE,TRUE,,,TRUE,FALSE,,FALSE,TRUE,FALSE,TRUE,FALSE,TRUE
585,2638042,ANC_MEPS_6,TRUE,FALSE,TRUE,FALSE,TRUE,FALSE,,TRUE,FALSE,,,FALSE,TRUE,,,FALSE,TRUE,,,TRUE,FALSE,,FALSE,TRUE,FALSE,TRUE,FALSE,TRUE
586,2638042,ANC_MEPS_7,TRUE,FALSE,TRUE,FALSE,TRUE,FALSE,,TRUE,FALSE,,,FALSE,TRUE,,,FALSE,TRUE,,,TRUE,FALSE,,FALSE,TRUE,FALSE,TRUE,FALSE,TRUE
587,2638042,ANC_MEPS_8,TRUE,FALSE,TRUE,FALSE,TRUE,FALSE,,TRUE,FALSE,,,FALSE,TRUE,,,FALSE,TRUE,,,TRUE,FALSE,,FALSE,TRUE,FALSE,TRUE,FALSE,TRUE
588,2638042,ANC_MEPS_9,TRUE,FALSE,FALSE,TRUE,FALSE,TRUE,,FALSE,TRUE,,,FALSE,TRUE,,,TRUE,FALSE,,,TRUE,FALSE,,TRUE,FALSE,FALSE,TRUE,FALSE,TRUE
589,2638870,ANG772,TRUE,FALSE,FALSE,TRUE,FALSE,TRUE,,FALSE,TRUE,,,FALSE,TRUE,,,FALSE,TRUE,,,TRUE,FALSE,,FALSE,TRUE,FALSE,TRUE,TRUE,FALSE
255,ANTHC Inuit,ANTHC Inuit,TRUE,FALSE,TRUE,FALSE,TRUE,FALSE,,FALSE,TRUE,,,TRUE,FALSE,,,TRUE,FALSE,,,TRUE,FALSE,,FALSE,TRUE,FALSE,TRUE,FALSE,TRUE
277,ANTHC pulmanary BID,ANTHC Pulmanary,TRUE,FALSE,FALSE,TRUE,FALSE,TRUE,,FALSE,TRUE,,,TRUE,FALSE,,,TRUE,FALSE,,,TRUE,FALSE,,FALSE,TRUE,FALSE,TRUE,TRUE,FALSE
545,999999999,ANTHC table,TRUE,FALSE,FALSE,TRUE,TRUE,FALSE,,FALSE,TRUE,,,FALSE,TRUE,,,FALSE,TRUE,,,TRUE,FALSE,,FALSE,TRUE,FALSE,TRUE,FALSE,TRUE
150,55045,arterior,FALSE,TRUE,FALSE,TRUE,FALSE,TRUE,,FALSE,TRUE,,,TRUE,FALSE,,,TRUE,FALSE,,,TRUE,FALSE,,FALSE,TRUE,FALSE,TRUE,FALSE,TRUE
465,Chugach,ASD-Chugiach High School Reception,FALSE,TRUE,FALSE,TRUE,TRUE,FALSE,,FALSE,TRUE,,,FALSE,TRUE,,,FALSE,TRUE,,,TRUE,FALSE,,FALSE,TRUE,FALSE,TRUE,FALSE,TRUE
569,BBAHC FW01,BBAHC_072622,TRUE,FALSE,TRUE,FALSE,FALSE,TRUE,,FALSE,TRUE,,,FALSE,TRUE,,,TRUE,FALSE,,,TRUE,FALSE,,FALSE,TRUE,FALSE,TRUE,FALSE,TRUE
308,61479,Brent Comber C1,TRUE,FALSE,FALSE,TRUE,TRUE,FALSE,,FALSE,TRUE,,,TRUE,FALSE,,,TRUE,FALSE,,,TRUE,FALSE,,FALSE,TRUE,FALSE,TRUE,TRUE,FALSE
307,61479,Brent Comber C2,TRUE,FALSE,FALSE,TRUE,TRUE,FALSE,,FALSE,TRUE,,,TRUE,FALSE,,,TRUE,FALSE,,,TRUE,FALSE,,FALSE,TRUE,FALSE,TRUE,TRUE,FALSE
306,61479,Brent Comber C3,TRUE,FALSE,FALSE,TRUE,TRUE,FALSE,,FALSE,TRUE,,,TRUE,FALSE,,,TRUE,FALSE,,,TRUE,FALSE,,FALSE,TRUE,FALSE,TRUE,TRUE,FALSE
311,61479,Carolina Furniture C1,TRUE,FALSE,FALSE,TRUE,TRUE,FALSE,,FALSE,TRUE,,,TRUE,FALSE,,,TRUE,FALSE,,,TRUE,FALSE,,FALSE,TRUE,FALSE,TRUE,TRUE,FALSE
310,61479,Carolina Furniture C2,TRUE,FALSE,FALSE,TRUE,TRUE,FALSE,,FALSE,TRUE,,,TRUE,FALSE,,,TRUE,FALSE,,,TRUE,FALSE,,FALSE,TRUE,FALSE,TRUE,TRUE,FALSE
309,61479,Carolina Furniture C3,TRUE,FALSE,FALSE,TRUE,TRUE,FALSE,,FALSE,TRUE,,,TRUE,FALSE,,,TRUE,FALSE,,,TRUE,FALSE,,FALSE,TRUE,FALSE,TRUE,TRUE,FALSE
312,61479,Carolina Furniture H1,TRUE,FALSE,FALSE,TRUE,TRUE,FALSE,,FALSE,TRUE,,,TRUE,FALSE,,,TRUE,FALSE,,,TRUE,FALSE,,FALSE,TRUE,FALSE,TRUE,TRUE,FALSE
267,??????,carts,TRUE,FALSE,FALSE,TRUE,TRUE,FALSE,,FALSE,TRUE,,,TRUE,FALSE,,,TRUE,FALSE,,,TRUE,FALSE,,FALSE,TRUE,FALSE,TRUE,FALSE,TRUE
143,,encore,FALSE,TRUE,FALSE,TRUE,FALSE,TRUE,,FALSE,TRUE,,,TRUE,FALSE,,,TRUE,FALSE,,,TRUE,FALSE,,FALSE,TRUE,FALSE,TRUE,FALSE,TRUE
501,FAA 1111,FAA 1111 Install 2,TRUE,FALSE,FALSE,TRUE,TRUE,FALSE,,FALSE,TRUE,,,TRUE,FALSE,,,TRUE,FALSE,,,TRUE,FALSE,,FALSE,TRUE,FALSE,TRUE,FALSE,TRUE
502,,FAA 1111 Install 3,TRUE,FALSE,FALSE,TRUE,TRUE,FALSE,,FALSE,TRUE,,,TRUE,FALSE,,,TRUE,FALSE,,,TRUE,FALSE,,FALSE,TRUE,FALSE,TRUE,FALSE,TRUE
500,FAA 1111,FAA 1111 Install1,TRUE,FALSE,FALSE,TRUE,TRUE,FALSE,,FALSE,TRUE,,,TRUE,FALSE,,,TRUE,FALSE,,,TRUE,FALSE,,FALSE,TRUE,FALSE,TRUE,FALSE,TRUE
269,Wells Fargo Gafney,Gaffney,TRUE,FALSE,FALSE,TRUE,TRUE,FALSE,,FALSE,TRUE,,,TRUE,FALSE,,,TRUE,FALSE,,,TRUE,FALSE,,FALSE,TRUE,FALSE,TRUE,TRUE,FALSE
144,,gressco,FALSE,TRUE,FALSE,TRUE,FALSE,TRUE,,FALSE,TRUE,,,TRUE,FALSE,,,TRUE,FALSE,,,TRUE,FALSE,,FALSE,TRUE,FALSE,TRUE,FALSE,TRUE
347,61479,H1 Phase 1 PM,TRUE,FALSE,TRUE,FALSE,TRUE,FALSE,,FALSE,TRUE,,,FALSE,TRUE,,,FALSE,TRUE,,,TRUE,FALSE,,FALSE,TRUE,FALSE,TRUE,TRUE,FALSE
349,61479,h1 Phase 3 PM,TRUE,FALSE,FALSE,TRUE,FALSE,TRUE,,FALSE,TRUE,,,TRUE,FALSE,,,TRUE,FALSE,,,TRUE,FALSE,,FALSE,TRUE,FALSE,TRUE,TRUE,FALSE
350,61479,H1 Phase 4 PM,TRUE,FALSE,FALSE,TRUE,FALSE,TRUE,,FALSE,TRUE,,,TRUE,FALSE,,,TRUE,FALSE,,,TRUE,FALSE,,FALSE,TRUE,FALSE,TRUE,TRUE,FALSE
351,61479,H1 Phase 5 PM,TRUE,FALSE,FALSE,TRUE,FALSE,TRUE,,FALSE,TRUE,,,TRUE,FALSE,,,TRUE,FALSE,,,TRUE,FALSE,,FALSE,TRUE,FALSE,TRUE,TRUE,FALSE
348,61479,H1 Phase2 PM,TRUE,FALSE,FALSE,TRUE,FALSE,TRUE,,TRUE,FALSE,,,TRUE,FALSE,,,TRUE,FALSE,,,TRUE,FALSE,,FALSE,TRUE,FALSE,TRUE,TRUE,FALSE
145,55045,HM,FALSE,TRUE,FALSE,TRUE,FALSE,TRUE,,FALSE,TRUE,,,TRUE,FALSE,,,TRUE,FALSE,,,TRUE,FALSE,,FALSE,TRUE,FALSE,TRUE,FALSE,TRUE
313,61479,HM C1,TRUE,FALSE,FALSE,TRUE,TRUE,FALSE,,FALSE,TRUE,,,TRUE,FALSE,,,TRUE,FALSE,,,TRUE,FALSE,,FALSE,TRUE,FALSE,TRUE,TRUE,FALSE
314,61479,HM C11,TRUE,FALSE,FALSE,TRUE,TRUE,FALSE,,FALSE,TRUE,,,TRUE,FALSE,,,TRUE,FALSE,,,TRUE,FALSE,,FALSE,TRUE,FALSE,TRUE,TRUE,FALSE
315,61479,HM C2,TRUE,FALSE,FALSE,TRUE,TRUE,FALSE,,FALSE,TRUE,,,TRUE,FALSE,,,TRUE,FALSE,,,TRUE,FALSE,,FALSE,TRUE,FALSE,TRUE,TRUE,FALSE
316,61749,HM C3,TRUE,FALSE,FALSE,TRUE,TRUE,FALSE,,FALSE,TRUE,,,TRUE,FALSE,,,TRUE,FALSE,,,TRUE,FALSE,,FALSE,TRUE,FALSE,TRUE,TRUE,FALSE
317,61749,HM H1,TRUE,FALSE,FALSE,TRUE,TRUE,FALSE,,FALSE,TRUE,,,TRUE,FALSE,,,TRUE,FALSE,,,TRUE,FALSE,,FALSE,TRUE,FALSE,TRUE,TRUE,FALSE
304,61479,Ideon C1`,TRUE,FALSE,FALSE,TRUE,TRUE,FALSE,,FALSE,TRUE,,,TRUE,FALSE,,,TRUE,FALSE,,,TRUE,FALSE,,FALSE,TRUE,FALSE,TRUE,TRUE,FALSE
303,61479,Ideon C2,TRUE,FALSE,FALSE,TRUE,TRUE,FALSE,,FALSE,TRUE,,,TRUE,FALSE,,,TRUE,FALSE,,,TRUE,FALSE,,FALSE,TRUE,FALSE,TRUE,TRUE,FALSE
302,61479,Ideon C3,TRUE,FALSE,FALSE,TRUE,TRUE,FALSE,,FALSE,TRUE,,,TRUE,FALSE,,,TRUE,FALSE,,,TRUE,FALSE,,FALSE,TRUE,FALSE,TRUE,TRUE,FALSE
305,61479,Ideon H1,TRUE,FALSE,FALSE,TRUE,TRUE,FALSE,,FALSE,TRUE,,,TRUE,FALSE,,,TRUE,FALSE,,,TRUE,FALSE,,FALSE,TRUE,FALSE,TRUE,TRUE,FALSE
376,JBER,JBER 673rd Logistics,TRUE,FALSE,FALSE,TRUE,TRUE,FALSE,,FALSE,TRUE,,,TRUE,FALSE,,,TRUE,FALSE,,,TRUE,FALSE,,FALSE,TRUE,FALSE,TRUE,TRUE,FALSE
300,61479,Kwalu C1,TRUE,FALSE,FALSE,TRUE,TRUE,FALSE,,FALSE,TRUE,,,TRUE,FALSE,,,TRUE,FALSE,,,TRUE,FALSE,,FALSE,TRUE,FALSE,TRUE,TRUE,FALSE
299,61479,Kwalu C2,TRUE,FALSE,FALSE,TRUE,TRUE,FALSE,,FALSE,TRUE,,,TRUE,FALSE,,,TRUE,FALSE,,,TRUE,FALSE,,FALSE,TRUE,FALSE,TRUE,TRUE,FALSE
298,61479,Kwalu C3,TRUE,FALSE,FALSE,TRUE,TRUE,FALSE,,FALSE,TRUE,,,TRUE,FALSE,,,TRUE,FALSE,,,TRUE,FALSE,,FALSE,TRUE,FALSE,TRUE,TRUE,FALSE
301,61479,Kwalu H1,TRUE,FALSE,FALSE,TRUE,TRUE,FALSE,,FALSE,TRUE,,,TRUE,FALSE,,,TRUE,FALSE,,,TRUE,FALSE,,FALSE,TRUE,FALSE,TRUE,TRUE,FALSE
296,61479,Leland C1,TRUE,FALSE,FALSE,TRUE,TRUE,FALSE,,FALSE,TRUE,,,TRUE,FALSE,,,TRUE,FALSE,,,TRUE,FALSE,,FALSE,TRUE,FALSE,TRUE,TRUE,FALSE
297,61479,Leland C3,TRUE,FALSE,FALSE,TRUE,TRUE,FALSE,,FALSE,TRUE,,,TRUE,FALSE,,,TRUE,FALSE,,,TRUE,FALSE,,FALSE,TRUE,FALSE,TRUE,TRUE,FALSE
294,61479,Leland H1,TRUE,FALSE,FALSE,TRUE,TRUE,FALSE,,FALSE,TRUE,,,TRUE,FALSE,,,TRUE,FALSE,,,TRUE,FALSE,,FALSE,TRUE,FALSE,TRUE,TRUE,FALSE
295,61479,Leland H1b,TRUE,FALSE,FALSE,TRUE,TRUE,FALSE,,FALSE,TRUE,,,TRUE,FALSE,,,TRUE,FALSE,,,TRUE,FALSE,,FALSE,TRUE,FALSE,TRUE,TRUE,FALSE
318,61479,Mayline,TRUE,FALSE,FALSE,TRUE,TRUE,FALSE,,FALSE,TRUE,,,TRUE,FALSE,,,TRUE,FALSE,,,TRUE,FALSE,,FALSE,TRUE,FALSE,TRUE,TRUE,FALSE
293,61479,Medline C1,TRUE,FALSE,FALSE,TRUE,TRUE,FALSE,,FALSE,TRUE,,,TRUE,FALSE,,,TRUE,FALSE,,,TRUE,FALSE,,FALSE,TRUE,FALSE,TRUE,TRUE,FALSE
292,64179,Medline C2,TRUE,FALSE,FALSE,TRUE,TRUE,FALSE,,FALSE,TRUE,,,TRUE,FALSE,,,TRUE,FALSE,,,TRUE,FALSE,,FALSE,TRUE,FALSE,TRUE,TRUE,FALSE
581,2638051,MEPs_OM_082322,TRUE,FALSE,TRUE,FALSE,TRUE,FALSE,,TRUE,FALSE,,,FALSE,TRUE,,,FALSE,TRUE,,,TRUE,FALSE,,FALSE,TRUE,FALSE,TRUE,TRUE,FALSE
582,2638051,MEPs_OM_1,TRUE,FALSE,TRUE,FALSE,TRUE,FALSE,,TRUE,FALSE,,,FALSE,TRUE,,,FALSE,TRUE,,,TRUE,FALSE,,FALSE,TRUE,FALSE,TRUE,TRUE,FALSE
583,2638051,MEPs_OM_2,TRUE,FALSE,TRUE,FALSE,TRUE,FALSE,,TRUE,FALSE,,,FALSE,TRUE,,,FALSE,TRUE,,,TRUE,FALSE,,FALSE,TRUE,FALSE,TRUE,TRUE,FALSE
462,MTA Bid,MTA Furnitue,TRUE,FALSE,FALSE,TRUE,TRUE,FALSE,,FALSE,TRUE,,,TRUE,FALSE,,,TRUE,FALSE,,,TRUE,FALSE,,FALSE,TRUE,FALSE,TRUE,TRUE,FALSE
461,MTA Bid,MTA Furniture,TRUE,FALSE,FALSE,TRUE,TRUE,FALSE,,FALSE,TRUE,,,TRUE,FALSE,,,TRUE,FALSE,,,TRUE,FALSE,,FALSE,TRUE,FALSE,TRUE,TRUE,FALSE
460,MTA BID,MTA Lobby,TRUE,FALSE,FALSE,TRUE,TRUE,FALSE,,FALSE,TRUE,,,TRUE,FALSE,,,TRUE,FALSE,,,TRUE,FALSE,,FALSE,TRUE,FALSE,TRUE,TRUE,FALSE
558,MTA Vari,MTA_3rd_1,TRUE,FALSE,TRUE,FALSE,FALSE,TRUE,,FALSE,TRUE,,,TRUE,FALSE,,,TRUE,FALSE,,,TRUE,FALSE,,FALSE,TRUE,FALSE,TRUE,FALSE,TRUE
559,,MTA_3rd_Complete,TRUE,FALSE,TRUE,FALSE,FALSE,TRUE,,FALSE,TRUE,,,TRUE,FALSE,,,TRUE,FALSE,,,TRUE,FALSE,,FALSE,TRUE,FALSE,TRUE,FALSE,TRUE
560,MTA_3rd_Floor,MTA_3rd_Fl,TRUE,FALSE,TRUE,FALSE,FALSE,TRUE,,FALSE,TRUE,,,TRUE,FALSE,,,TRUE,FALSE,,,TRUE,FALSE,,FALSE,TRUE,FALSE,TRUE,FALSE,TRUE
561,MTA_LL_062222,MTA_LL_062222,TRUE,FALSE,TRUE,FALSE,FALSE,TRUE,,FALSE,TRUE,,,TRUE,FALSE,,,TRUE,FALSE,,,TRUE,FALSE,,FALSE,TRUE,FALSE,TRUE,FALSE,TRUE
149,55555,national,TRUE,FALSE,FALSE,TRUE,TRUE,FALSE,,FALSE,TRUE,,,FALSE,TRUE,,,FALSE,TRUE,,,TRUE,FALSE,,FALSE,TRUE,FALSE,TRUE,FALSE,TRUE
289,61479,Nemschoff  C1,TRUE,FALSE,FALSE,TRUE,TRUE,FALSE,,FALSE,TRUE,,,TRUE,FALSE,,,TRUE,FALSE,,,TRUE,FALSE,,FALSE,TRUE,FALSE,TRUE,TRUE,FALSE
290,Nemschoff C2,Nemschoff C2,TRUE,FALSE,FALSE,TRUE,TRUE,FALSE,,FALSE,TRUE,,,TRUE,FALSE,,,TRUE,FALSE,,,TRUE,FALSE,,FALSE,TRUE,FALSE,TRUE,TRUE,FALSE
291,61479,Nemschoff C3,TRUE,FALSE,FALSE,TRUE,TRUE,FALSE,,FALSE,TRUE,,,TRUE,FALSE,,,TRUE,FALSE,,,TRUE,FALSE,,FALSE,TRUE,FALSE,TRUE,TRUE,FALSE
288,61479,Nemschoff H1,TRUE,FALSE,FALSE,TRUE,TRUE,FALSE,,FALSE,TRUE,,,TRUE,FALSE,,,TRUE,FALSE,,,TRUE,FALSE,,FALSE,TRUE,FALSE,TRUE,TRUE,FALSE
282,65135,new,TRUE,FALSE,FALSE,TRUE,TRUE,FALSE,,FALSE,TRUE,,,FALSE,TRUE,,,TRUE,FALSE,,,TRUE,FALSE,,FALSE,TRUE,FALSE,TRUE,TRUE,FALSE
281,65310,New product,TRUE,FALSE,FALSE,TRUE,TRUE,FALSE,,FALSE,TRUE,,,TRUE,FALSE,,,TRUE,FALSE,,,TRUE,FALSE,,FALSE,TRUE,FALSE,TRUE,TRUE,FALSE
287,61479,Norix C1,TRUE,FALSE,FALSE,TRUE,TRUE,FALSE,,FALSE,TRUE,,,TRUE,FALSE,,,TRUE,FALSE,,,TRUE,FALSE,,FALSE,TRUE,FALSE,TRUE,TRUE,FALSE
575,Andee Sears,NPS-AS-080522,TRUE,FALSE,FALSE,TRUE,FALSE,TRUE,,FALSE,TRUE,,,FALSE,TRUE,,,FALSE,TRUE,,,TRUE,FALSE,,FALSE,TRUE,FALSE,TRUE,FALSE,TRUE
567,NRB_Elect_001,NRB_071922,TRUE,FALSE,FALSE,TRUE,FALSE,TRUE,,FALSE,TRUE,,,TRUE,FALSE,,,FALSE,TRUE,,,TRUE,FALSE,,FALSE,TRUE,FALSE,TRUE,TRUE,FALSE
146,55045,peter pepper,FALSE,TRUE,FALSE,TRUE,FALSE,TRUE,,FALSE,TRUE,,,TRUE,FALSE,,,TRUE,FALSE,,,TRUE,FALSE,,FALSE,TRUE,FALSE,TRUE,FALSE,TRUE
346,61479,Ph3 NonMed Paul,TRUE,FALSE,FALSE,TRUE,TRUE,FALSE,,FALSE,TRUE,,,TRUE,FALSE,,,TRUE,FALSE,,,TRUE,FALSE,,FALSE,TRUE,FALSE,TRUE,TRUE,FALSE
266,64142,Phase Ia,TRUE,FALSE,FALSE,TRUE,TRUE,FALSE,,FALSE,TRUE,,,TRUE,FALSE,,,TRUE,FALSE,,,TRUE,FALSE,,FALSE,TRUE,FALSE,TRUE,FALSE,TRUE
263,64142,Phase II,TRUE,FALSE,FALSE,TRUE,TRUE,FALSE,,FALSE,TRUE,,,TRUE,FALSE,,,TRUE,FALSE,,,TRUE,FALSE,,FALSE,TRUE,FALSE,TRUE,FALSE,TRUE
264,64142,Phase Iia,TRUE,FALSE,FALSE,TRUE,TRUE,FALSE,,FALSE,TRUE,,,TRUE,FALSE,,,TRUE,FALSE,,,TRUE,FALSE,,FALSE,TRUE,FALSE,TRUE,FALSE,TRUE
265,64142,Phase III,TRUE,FALSE,FALSE,TRUE,TRUE,FALSE,,FALSE,TRUE,,,TRUE,FALSE,,,TRUE,FALSE,,,TRUE,FALSE,,FALSE,TRUE,FALSE,TRUE,FALSE,TRUE
168,57124,pl,TRUE,FALSE,FALSE,TRUE,TRUE,FALSE,,TRUE,FALSE,,,FALSE,TRUE,,,FALSE,TRUE,,,TRUE,FALSE,,FALSE,TRUE,FALSE,TRUE,FALSE,TRUE
454,80533,PM Pre-Quote,TRUE,FALSE,FALSE,TRUE,TRUE,FALSE,,FALSE,TRUE,,,FALSE,TRUE,,,FALSE,TRUE,,,TRUE,FALSE,,FALSE,TRUE,FALSE,TRUE,TRUE,FALSE
438,78404,PM Quote,TRUE,FALSE,FALSE,TRUE,FALSE,TRUE,,FALSE,TRUE,,,TRUE,FALSE,,,TRUE,FALSE,,,TRUE,FALSE,,FALSE,TRUE,FALSE,TRUE,FALSE,TRUE
439,78404,PM Quote Rev1,TRUE,FALSE,FALSE,TRUE,FALSE,TRUE,,FALSE,TRUE,,,TRUE,FALSE,,,TRUE,FALSE,,,TRUE,FALSE,,FALSE,TRUE,FALSE,TRUE,FALSE,TRUE
484,83779,PM Quoted,TRUE,FALSE,FALSE,TRUE,FALSE,TRUE,,FALSE,TRUE,,,TRUE,FALSE,,,FALSE,TRUE,,,TRUE,FALSE,,FALSE,TRUE,FALSE,TRUE,FALSE,TRUE
481,83746,PM-83746,TRUE,FALSE,FALSE,TRUE,FALSE,TRUE,,FALSE,TRUE,,,TRUE,FALSE,,,FALSE,TRUE,,,TRUE,FALSE,,FALSE,TRUE,FALSE,TRUE,TRUE,FALSE
329,67452,Prelim_QuoteCCS,TRUE,FALSE,FALSE,TRUE,FALSE,TRUE,,FALSE,TRUE,,,FALSE,TRUE,,,FALSE,TRUE,,,TRUE,FALSE,,FALSE,TRUE,FALSE,TRUE,TRUE,FALSE
331,61479,Prelim-DiagImaging,TRUE,FALSE,TRUE,FALSE,TRUE,FALSE,,FALSE,TRUE,,,TRUE,FALSE,,,TRUE,FALSE,,,TRUE,FALSE,,FALSE,TRUE,FALSE,TRUE,FALSE,TRUE
324,66963,Prelim-Quote,TRUE,FALSE,FALSE,TRUE,FALSE,TRUE,,FALSE,TRUE,,,TRUE,FALSE,,,TRUE,FALSE,,,TRUE,FALSE,,FALSE,TRUE,FALSE,TRUE,FALSE,TRUE
326,67396,Prelim-Quote Conf,TRUE,FALSE,FALSE,TRUE,FALSE,TRUE,,FALSE,TRUE,,,TRUE,FALSE,,,TRUE,FALSE,,,TRUE,FALSE,,FALSE,TRUE,FALSE,TRUE,FALSE,TRUE
325,67282,Prelim-Quote1,TRUE,FALSE,FALSE,TRUE,FALSE,TRUE,,FALSE,TRUE,,,TRUE,FALSE,,,TRUE,FALSE,,,TRUE,FALSE,,FALSE,TRUE,FALSE,TRUE,TRUE,FALSE
327,67411,Prelim-QuoteHR,TRUE,FALSE,FALSE,TRUE,TRUE,FALSE,,FALSE,TRUE,,,FALSE,TRUE,,,TRUE,FALSE,,,TRUE,FALSE,,FALSE,TRUE,FALSE,TRUE,FALSE,TRUE
328,67411,Prelim-QuoteTSA_HR,TRUE,FALSE,FALSE,TRUE,TRUE,FALSE,Steps going into the Office,FALSE,TRUE,,,FALSE,TRUE,,,TRUE,FALSE,,,FALSE,TRUE,1,FALSE,TRUE,FALSE,TRUE,FALSE,TRUE
330,67477,Prelim-QuoteWaiting,TRUE,FALSE,FALSE,TRUE,FALSE,TRUE,,FALSE,TRUE,,,TRUE,FALSE,,,TRUE,FALSE,,,TRUE,FALSE,,FALSE,TRUE,FALSE,TRUE,FALSE,TRUE
578,TSA Juneau,PRJ-0044635,TRUE,FALSE,FALSE,TRUE,FALSE,TRUE,,FALSE,TRUE,,,TRUE,FALSE,,,TRUE,FALSE,,,TRUE,FALSE,,FALSE,TRUE,FALSE,TRUE,TRUE,FALSE
576,TSA King Salmon,PRJ-004634,TRUE,FALSE,FALSE,TRUE,FALSE,TRUE,,FALSE,TRUE,,,TRUE,FALSE,,,TRUE,FALSE,,,TRUE,FALSE,,FALSE,TRUE,FALSE,TRUE,TRUE,FALSE
577,TSA DHS DLG,PRJ-004635,TRUE,FALSE,FALSE,TRUE,FALSE,TRUE,,FALSE,TRUE,,,TRUE,FALSE,,,TRUE,FALSE,,,TRUE,FALSE,,FALSE,TRUE,FALSE,TRUE,TRUE,FALSE
566,PTOT_Casework,PTOT_Splint_2,TRUE,FALSE,FALSE,TRUE,FALSE,TRUE,,FALSE,TRUE,,,TRUE,FALSE,,,TRUE,FALSE,,,TRUE,FALSE,,FALSE,TRUE,FALSE,TRUE,FALSE,TRUE
565,Splinting 001,PTOT_Splinting_1,TRUE,FALSE,FALSE,TRUE,FALSE,TRUE,,FALSE,TRUE,,,TRUE,FALSE,,,TRUE,FALSE,,,TRUE,FALSE,,FALSE,TRUE,FALSE,TRUE,FALSE,TRUE
406,74700,Q74700,TRUE,FALSE,FALSE,TRUE,FALSE,TRUE,,FALSE,TRUE,,,FALSE,TRUE,,,TRUE,FALSE,,,TRUE,FALSE,,FALSE,TRUE,FALSE,TRUE,TRUE,FALSE
405,74928,Q74928,TRUE,FALSE,FALSE,TRUE,FALSE,TRUE,,FALSE,TRUE,,,FALSE,TRUE,,,TRUE,FALSE,,,TRUE,FALSE,,FALSE,TRUE,FALSE,TRUE,TRUE,FALSE
147,55045,sit on it,FALSE,TRUE,FALSE,TRUE,FALSE,TRUE,,FALSE,TRUE,,,TRUE,FALSE,,,TRUE,FALSE,,,TRUE,FALSE,,FALSE,TRUE,FALSE,TRUE,FALSE,TRUE
283,61479,SitOnIt C1,TRUE,FALSE,FALSE,TRUE,TRUE,FALSE,,FALSE,TRUE,,,TRUE,FALSE,,,TRUE,FALSE,,,FALSE,TRUE,,FALSE,TRUE,FALSE,TRUE,TRUE,FALSE
280,61479,SitOnIt H1,TRUE,FALSE,FALSE,TRUE,FALSE,TRUE,,FALSE,TRUE,,,TRUE,FALSE,,,TRUE,FALSE,,,TRUE,FALSE,,FALSE,TRUE,FALSE,TRUE,TRUE,FALSE
284,6479,SitOnItC2,TRUE,FALSE,FALSE,TRUE,TRUE,FALSE,,FALSE,TRUE,,,TRUE,FALSE,,,TRUE,FALSE,,,FALSE,TRUE,,FALSE,TRUE,FALSE,TRUE,TRUE,FALSE
323,66915,Speculative Ops,TRUE,FALSE,FALSE,TRUE,FALSE,TRUE,,FALSE,TRUE,,,FALSE,TRUE,,,FALSE,TRUE,,,TRUE,FALSE,,FALSE,TRUE,FALSE,TRUE,TRUE,FALSE
148,Stance,Stance,FALSE,TRUE,FALSE,TRUE,FALSE,TRUE,,FALSE,TRUE,,,TRUE,FALSE,,,TRUE,FALSE,,,TRUE,FALSE,,FALSE,TRUE,FALSE,TRUE,FALSE,TRUE
548,TCC alt,TCC alt,FALSE,TRUE,FALSE,TRUE,TRUE,FALSE,,FALSE,TRUE,,,FALSE,TRUE,,,FALSE,TRUE,,,TRUE,FALSE,,FALSE,TRUE,FALSE,TRUE,FALSE,TRUE
549,TCC CAI,TCC CAI,FALSE,TRUE,FALSE,TRUE,TRUE,FALSE,,FALSE,TRUE,,,FALSE,TRUE,,,FALSE,TRUE,,,TRUE,FALSE,,FALSE,TRUE,FALSE,TRUE,FALSE,TRUE
550,TCC w STOR,TCC w STOR,FALSE,TRUE,FALSE,TRUE,TRUE,FALSE,,FALSE,TRUE,,,FALSE,TRUE,,,FALSE,TRUE,,,TRUE,FALSE,,FALSE,TRUE,FALSE,TRUE,FALSE,TRUE
286,61479,TMC Kids C1,TRUE,FALSE,FALSE,TRUE,TRUE,FALSE,,FALSE,TRUE,,,TRUE,FALSE,,,TRUE,FALSE,,,FALSE,TRUE,,FALSE,TRUE,FALSE,TRUE,TRUE,FALSE
285,61479,TMC Kids C2,TRUE,FALSE,FALSE,TRUE,TRUE,FALSE,,FALSE,TRUE,,,TRUE,FALSE,,,TRUE,FALSE,,,FALSE,TRUE,,FALSE,TRUE,FALSE,TRUE,TRUE,FALSE
563,DMV UC 6 WkStat,UC6_071222,TRUE,FALSE,FALSE,TRUE,FALSE,TRUE,,FALSE,TRUE,,,FALSE,TRUE,,,FALSE,TRUE,,,TRUE,FALSE,,FALSE,TRUE,FALSE,TRUE,TRUE,FALSE
564,SOA DMV UC 7 Wkstat,UC7_071222,TRUE,FALSE,FALSE,TRUE,FALSE,TRUE,,FALSE,TRUE,,,FALSE,TRUE,,,FALSE,TRUE,,,TRUE,FALSE,,FALSE,TRUE,FALSE,TRUE,TRUE,FALSE
270,Wells Fargo University,univertity,TRUE,FALSE,FALSE,TRUE,TRUE,FALSE,,FALSE,TRUE,,,FALSE,TRUE,,,FALSE,TRUE,,,TRUE,FALSE,,FALSE,TRUE,FALSE,TRUE,FALSE,TRUE
395,us parks,us parks,TRUE,FALSE,FALSE,TRUE,TRUE,FALSE,,FALSE,TRUE,,,FALSE,TRUE,,,FALSE,TRUE,,,TRUE,FALSE,,FALSE,TRUE,FALSE,TRUE,FALSE,TRUE
568,USDA NRCS 001,USDA NRCS 001a,TRUE,FALSE,FALSE,TRUE,FALSE,TRUE,,FALSE,TRUE,,,FALSE,TRUE,,,FALSE,TRUE,,,TRUE,FALSE,,FALSE,TRUE,FALSE,TRUE,TRUE,FALSE
573,VA Fair Safco,VA Fair CC001,TRUE,FALSE,FALSE,TRUE,TRUE,FALSE,,FALSE,TRUE,,,FALSE,TRUE,,,FALSE,TRUE,,,TRUE,FALSE,,FALSE,TRUE,FALSE,TRUE,FALSE,TRUE
572,VA Fair BNL069,VA Fair NEM001,TRUE,FALSE,TRUE,FALSE,TRUE,FALSE,,FALSE,TRUE,,,FALSE,TRUE,,,FALSE,TRUE,,,TRUE,FALSE,,FALSE,TRUE,FALSE,TRUE,FALSE,TRUE
570,VA Fair ANL069,VA Fair OC001,TRUE,FALSE,FALSE,TRUE,TRUE,FALSE,,FALSE,TRUE,,,FALSE,TRUE,,,FALSE,TRUE,,,TRUE,FALSE,,FALSE,TRUE,FALSE,TRUE,FALSE,TRUE
571,VA Fair N64572,VA Fair OM001,TRUE,FALSE,FALSE,TRUE,TRUE,FALSE,,FALSE,TRUE,,,FALSE,TRUE,,,FALSE,TRUE,,,TRUE,FALSE,,FALSE,TRUE,FALSE,TRUE,FALSE,TRUE
202,57793,VA Stations,FALSE,TRUE,FALSE,TRUE,TRUE,FALSE,,FALSE,TRUE,,,TRUE,FALSE,,,TRUE,FALSE,,,TRUE,FALSE,,FALSE,TRUE,FALSE,TRUE,TRUE,FALSE
580,Wales_081222,Wales_81222,FALSE,TRUE,FALSE,TRUE,TRUE,FALSE,,FALSE,TRUE,,,FALSE,TRUE,,,FALSE,TRUE,,,TRUE,FALSE,,FALSE,TRUE,FALSE,TRUE,TRUE,FALSE
211,YKHC Budget,ykhc,TRUE,FALSE,FALSE,TRUE,FALSE,TRUE,,FALSE,TRUE,,,TRUE,FALSE,,,TRUE,FALSE,,,TRUE,FALSE,,FALSE,TRUE,FALSE,TRUE,TRUE,FALSE